height,weight,sex,year,age,country
174.87,89.43,1,2025,28,GB
169.46,72.14,1,1925,38,GB
171.08,85.23,1,1925,31,GB
147.4,38.45,1,1925,11,GB
140.94,38.83,1,1925,11,GB
169.45,75.41,1,1925,34,GB
141.42,54.81,1,1925,13,GB
174.29,110.54,1,2025,57,GB
159.59,55.42,0,1925,37,GB
172.64,74.07,1,1925,50,GB
161.43,63.01,0,2025,56,GB
159.95,54.98,0,1925,42,GB
170.51,65.2,1,1925,29,GB
163.58,79.18,0,2025,58,GB
179.43,91.34,1,2025,67,GB
170.91,78.06,1,1925,53,GB
175.35,86.86,1,2025,25,GB
144.76,49.88,0,1925,13,GB
162.41,75.25,0,2025,60,GB
163.91,69.59,0,2025,69,GB
179.4,88.76,1,2025,55,GB
164.29,65.36,0,2025,65,GB
169.96,68.35,1,1925,32,GB
161.25,66.48,0,2025,60,GB
149.68,44.55,0,2025,12,GB
155.78,60.34,0,1925,36,GB
166.28,61.17,1,1925,18,GB
158.64,47.76,0,1925,31,GB
157.71,70.95,0,1925,42,GB
175.62,89.04,1,2025,36,GB
146.38,40.55,0,1925,10,GB
157.9,41.74,0,1925,22,GB
166.8,92.71,0,2025,56,GB
168.63,64.45,1,1925,58,GB
172.85,77.73,1,1925,50,GB
163.3,69.05,0,2025,26,GB
166.62,56.07,0,2025,15,GB
171.52,48.42,1,1925,56,GB
156.53,66.5,0,1925,54,GB
174.66,78.43,1,2025,34,GB
179.21,105.14,1,2025,34,GB
159.65,54.67,0,1925,39,GB
157.54,66.55,0,1925,65,GB
171.64,83.27,1,1925,26,GB
170.89,67.16,1,2025,44,GB
182.67,61.44,1,2025,61,GB
169.47,60.8,1,1925,37,GB
166.83,58.33,0,2025,53,GB
156.77,56.55,0,1925,16,GB
160.88,56.69,0,1925,53,GB
159.91,65.05,0,1925,37,GB
175.57,79.29,1,1925,59,GB
165.53,89.69,0,2025,39,GB
159.63,78.19,0,2025,33,GB
176.88,113.35,1,2025,66,GB
158.23,61.04,0,2025,38,GB
171.18,56.52,1,1925,61,GB
178.81,88.05,1,2025,37,GB
166.02,71.82,0,2025,59,GB
158.43,64.37,0,1925,37,GB
179.15,100.69,1,2025,66,GB
160.34,62.55,0,2025,56,GB
156.55,57.67,0,1925,22,GB
155.24,50.39,0,1925,15,GB
154.92,51.43,0,1925,18,GB
162.02,69.4,0,2025,70,GB
159.59,63.11,0,1925,48,GB
162.15,69.42,0,2025,20,GB
171.03,58.08,1,2025,31,GB
177.5,74.28,1,2025,59,GB
157.36,64.72,0,1925,56,GB
174.58,90.22,1,1925,55,GB
178.79,102.25,1,2025,66,GB
175.06,94.31,1,2025,37,GB
155.79,55.94,0,1925,16,GB
150.41,61.77,0,2025,13,GB
158.18,57.82,0,1925,66,GB
155.81,39.57,0,1925,21,GB
153.98,50.24,0,1925,15,GB
179.77,86.11,1,2025,70,GB
164.52,74.47,0,2025,32,GB
146.29,54.46,1,1925,13,GB
176.96,81.01,1,2025,66,GB
176.53,71.1,1,2025,24,GB
177.87,84.79,1,2025,21,GB
171.13,74.83,1,1925,45,GB
162.69,84.47,0,2025,32,GB
172.66,83.57,1,2025,30,GB
168.32,63.7,1,1925,16,GB
158.56,72.03,0,1925,32,GB
181.18,80.32,1,2025,21,GB
161.7,70.16,0,2025,47,GB
176.56,67.41,1,2025,35,GB
157.37,58.47,0,1925,63,GB
176.41,90.84,1,2025,50,GB
176.07,84.71,1,2025,42,GB
170.23,87.8,1,1925,19,GB
155.91,60.23,0,1925,63,GB
178.12,86.36,1,2025,53,GB
172.78,80.16,1,2025,34,GB
157.03,53.47,0,2025,23,GB
164.57,53.72,0,2025,23,GB
155.73,58.31,0,1925,57,GB
162.05,83.74,0,2025,21,GB
176.24,96.64,1,2025,58,GB
161.24,82.62,0,2025,41,GB
168.94,71.33,0,2025,28,GB
162.01,69.83,0,2025,31,GB
175.05,68.2,1,2025,48,GB
165.86,68.06,0,2025,25,GB
162.4,68.53,0,1925,41,GB
153.76,53,0,2025,15,GB
176.35,73.23,1,2025,22,GB
156.71,49.81,0,1925,35,GB
174.47,76.49,1,2025,57,GB
156.44,71.11,0,1925,32,GB
171.64,82.46,1,1925,70,GB
158.72,65.59,0,1925,58,GB
153.28,65.49,0,1925,51,GB
180.77,79.82,1,2025,24,GB
164.38,55.52,0,2025,35,GB
159.88,70.3,0,2025,43,GB
161.32,73.28,0,2025,56,GB
170.15,71.56,1,1925,24,GB
173.5,70.52,1,2025,40,GB
163.14,78.36,0,2025,43,GB
168.12,62.94,1,1925,65,GB
171.83,77.86,1,1925,20,GB
155.39,59.14,0,1925,20,GB
173.69,75.83,1,1925,49,GB
176.46,76.96,1,2025,43,GB
158.21,55.12,0,1925,19,GB
143.12,40.1,0,1925,10,GB
166.11,95.2,0,2025,45,GB
176.55,77.83,1,2025,54,GB
163.26,76.33,0,2025,22,GB
174.28,84.9,1,2025,58,GB
160.08,73.41,0,1925,41,GB
170.65,66.75,1,1925,26,GB
173.62,80.29,1,2025,50,GB
174.4,91.45,1,2025,24,GB
159.41,51.41,0,1925,26,GB
172.65,61.59,1,1925,69,GB
156.05,49,0,1925,44,GB
164.44,67.54,0,2025,39,GB
169.47,55.53,1,1925,70,GB
145.43,52.81,0,2025,13,GB
158.01,74.03,0,1925,58,GB
176.71,120.64,1,2025,34,GB
177.26,89.01,1,2025,30,GB
173.02,85.33,1,2025,69,GB
180.62,93.82,1,2025,56,GB
161.55,73.37,0,2025,28,GB
169.35,61.74,1,2025,15,GB
163.22,88.72,0,2025,58,GB
161.28,55.8,0,1925,17,GB
176.34,104.71,1,2025,58,GB
154.98,47.56,1,2025,11,GB
153.84,62.04,0,2025,13,GB
156.59,54.3,0,1925,32,GB
174.84,76.01,1,1925,38,GB
160.86,56.09,0,1925,38,GB
171.7,90.27,0,2025,68,GB
156.94,58.39,0,1925,53,GB
147.79,49.26,0,2025,12,GB
168.68,53.91,0,2025,69,GB
144.41,38.6,1,1925,10,GB
158.36,55.6,0,1925,18,GB
172.02,70.09,1,1925,55,GB
172.9,79.5,1,2025,41,GB
158.3,85.45,0,2025,48,GB
157.88,63.73,0,1925,45,GB
168.49,55.66,1,1925,43,GB
159.51,54.14,0,1925,53,GB
161.36,57.2,0,2025,30,GB
169.5,92.09,1,1925,41,GB
173.28,84.83,1,2025,41,GB
155.14,47.61,0,1925,39,GB
158.58,61.33,0,1925,65,GB
179.46,99.97,1,2025,59,GB
169.79,99.04,1,1925,55,GB
174.86,72.88,1,2025,18,GB
177.15,76.36,1,2025,18,GB
164.5,78.14,0,2025,57,GB
164.47,60.96,0,2025,28,GB
156.42,51.99,0,1925,30,GB
173.81,64.24,1,2025,43,GB
179.75,106.56,1,2025,67,GB
160.85,71.05,0,1925,24,GB
173.15,71.24,1,1925,21,GB
177.64,79.24,1,2025,50,GB
174.03,70.94,1,1925,56,GB
175.86,85.48,1,2025,21,GB
176.73,85.21,1,2025,26,GB
157.04,59.73,0,1925,54,GB
159.5,61.95,0,2025,50,GB
165.62,61.62,0,2025,60,GB
149.99,40.53,0,1925,13,GB
169.3,61.48,1,2025,15,GB
171.13,56.11,1,1925,19,GB
170.76,75.69,1,1925,22,GB
172.84,89.98,1,2025,49,GB
154.75,48.3,0,1925,44,GB
162.72,57.32,0,2025,50,GB
174.76,97.28,1,2025,48,GB
170.91,111.45,1,2025,46,GB
167.48,88.75,0,2025,27,GB
158.68,63.77,0,1925,23,GB
173.15,91.52,1,1925,58,GB
148.17,44.82,0,2025,11,GB
158.35,52.45,0,1925,67,GB
160.07,62.78,0,2025,30,GB
156.8,77.43,0,1925,26,GB
164.95,69.47,0,2025,35,GB
154.16,43.69,0,2025,11,GB
157.45,56.83,0,1925,59,GB
177.08,70.4,1,2025,50,GB
171.82,78.39,1,1925,66,GB
165.61,76.57,0,2025,46,GB
161.52,66.3,0,2025,20,GB
172.1,82.41,1,1925,65,GB
154.56,50.1,0,1925,15,GB
166.21,62.83,1,1925,28,GB
170.47,86.53,1,1925,29,GB
160.46,79.15,0,2025,41,GB
149.83,43.57,1,2025,11,GB
158.37,76.4,0,2025,65,GB
179.81,72.68,1,2025,18,GB
159.14,59.68,0,1925,53,GB
159.07,61.14,0,1925,36,GB
176.3,86.21,1,2025,40,GB
170.01,78.7,1,1925,51,GB
148.47,38.49,1,1925,10,GB
146.62,44.88,0,1925,13,GB
179.78,70.79,1,2025,52,GB
167.09,75.94,0,2025,70,GB
179.57,121.42,1,2025,60,GB
171.11,69.36,1,1925,40,GB
157.47,70.47,0,1925,19,GB
179.39,90.44,1,2025,56,GB
159.04,66.94,0,1925,21,GB
156.49,52.45,0,2025,15,GB
156.96,73.6,0,1925,26,GB
161.97,60.72,0,1925,34,GB
174.52,77.91,1,2025,51,GB
159.19,52.54,0,1925,33,GB
157.18,76.22,0,2025,46,GB
161.97,63.71,0,1925,28,GB
170.7,82.94,1,1925,44,GB
173.27,72.95,1,1925,63,GB
167.65,85.32,1,1925,50,GB
160.3,54.06,0,2025,23,GB
157.65,75.45,0,1925,20,GB
159.68,59.67,0,2025,17,GB
158.03,74.14,0,2025,48,GB
158.95,66.77,0,2025,38,GB
161.98,59.04,0,1925,56,GB
157.5,66.48,0,2025,37,GB
154.64,53.71,0,1925,16,GB
158.53,51.63,0,1925,26,GB
166.35,77.78,0,2025,21,GB
178.49,85.86,1,2025,38,GB
144.31,39.76,0,1925,12,GB
169.59,107.36,1,2025,31,GB
172.58,66.58,1,1925,58,GB
185.22,95.65,1,2025,67,GB
161.03,78.81,0,2025,29,GB
180.7,92.79,1,2025,60,GB
156.37,40.52,0,1925,57,GB
158.97,64.98,0,2025,26,GB
182.54,76.63,1,2025,58,GB
144.59,50.19,0,1925,14,GB
171.5,67.63,1,1925,50,GB
146.85,53.28,0,2025,14,GB
161.5,75.4,0,2025,29,GB
158.82,56.68,0,1925,29,GB
168.73,87.44,1,1925,40,GB
163.16,80.46,0,2025,32,GB
160.51,64.75,0,1925,32,GB
163.12,75.93,0,2025,19,GB
155.64,52.76,0,1925,67,GB
159.8,58.42,0,2025,41,GB
166.83,77.07,0,2025,58,GB
149.28,41.96,1,2025,11,GB
172.4,62.39,1,2025,34,GB
175.77,80.34,1,2025,45,GB
170.9,102.4,1,2025,32,GB
162.02,59.5,0,2025,27,GB
163.38,72.22,0,1925,34,GB
172.78,107.81,1,2025,22,GB
163.35,55.37,0,1925,66,GB
162.67,56.66,0,2025,17,GB
145.75,50.07,0,1925,14,GB
171.72,83.13,1,1925,62,GB
165.01,87.5,0,2025,59,GB
171.8,71.14,1,1925,56,GB
166.94,67.34,0,2025,23,GB
179.57,100.83,1,2025,63,GB
156.4,62.22,0,1925,60,GB
176.88,81.01,1,2025,27,GB
157.98,50.83,0,1925,51,GB
161.67,70.02,0,1925,68,GB
159.57,51.25,0,2025,22,GB
172.4,68.13,1,1925,51,GB
158.81,75.86,0,2025,59,GB
164.85,81.87,0,2025,25,GB
161.82,62.24,0,2025,58,GB
169.25,75.69,1,1925,46,GB
176.57,79.49,1,2025,38,GB
170,109.92,1,1925,37,GB
172.62,67.21,1,1925,60,GB
153.52,53.8,0,1925,45,GB
158.23,83.98,0,2025,20,GB
162,67.44,0,2025,52,GB
169.61,63.66,1,1925,36,GB
160.12,58.96,0,2025,45,GB
157.76,61.49,0,1925,42,GB
162.36,57.64,0,2025,53,GB
181.04,94.67,1,2025,64,GB
160.32,60.3,0,2025,37,GB
168.79,75.53,1,1925,34,GB
177.81,55.58,1,2025,70,GB
173.97,90.15,1,2025,30,GB
159.25,62.53,0,1925,48,GB
163.03,69.63,0,2025,25,GB
153.73,41.54,1,2025,10,GB
166.03,72.44,0,2025,62,GB
165.46,65.22,0,2025,40,GB
158.74,59.73,0,2025,33,GB
176.04,85.16,1,1925,69,GB
172.08,68.57,1,1925,42,GB
159.28,60.95,0,1925,62,GB
156.09,58.07,0,1925,32,GB
143.26,42.44,1,1925,14,GB
163.2,67.18,0,1925,64,GB
162.29,59.89,0,2025,62,GB
165.44,76.13,0,2025,34,GB
170.55,55.33,1,1925,23,GB
176.33,104.65,1,2025,65,GB
174.2,73.44,1,1925,66,GB
161.53,51.2,0,2025,38,GB
165.37,74.56,0,2025,67,GB
157.5,55.85,0,1925,44,GB
147.29,44.76,0,2025,10,GB
159.26,69.69,0,2025,51,GB
167.1,64.4,0,2025,46,GB
146.34,40.53,0,1925,10,GB
163.83,75.87,0,2025,55,GB
171.71,60.43,1,1925,26,GB
158.3,46.82,0,1925,49,GB
156.95,56.77,0,1925,49,GB
163.49,56.11,0,2025,23,GB
176.52,63.66,1,2025,66,GB
178.13,92.84,1,2025,62,GB
177.28,109.43,1,2025,46,GB
152,52.1,0,1925,60,GB
159.18,48.5,0,1925,46,GB
163.49,77.88,0,2025,50,GB
175.32,73.42,1,2025,33,GB
162.04,53.56,0,1925,39,GB
166.34,57.92,0,2025,19,GB
167.43,70.27,1,1925,41,GB
170.46,78.76,1,1925,26,GB
170.35,100.43,1,1925,58,GB
158.21,67.94,0,1925,42,GB
179.37,78.77,1,2025,57,GB
166.35,69.54,0,2025,46,GB
160.96,56.42,0,1925,56,GB
158.88,69.53,0,1925,67,GB
174.52,97.96,1,2025,54,GB
165.02,71.64,0,2025,22,GB
157.84,52.72,0,1925,45,GB
170.85,77.25,1,1925,28,GB
169.87,77.67,1,1925,27,GB
175.28,80.44,1,2025,20,GB
173.12,76.8,1,1925,47,GB
172.74,66.56,1,2025,48,GB
157.46,59.46,0,1925,31,GB
172.36,74.67,1,1925,59,GB
156.3,54.66,0,1925,40,GB
165.04,65.95,0,2025,60,GB
164.83,74.49,0,2025,46,GB
175.26,59.33,1,1925,69,GB
168.47,88.9,1,1925,67,GB
172.85,67.26,1,2025,67,GB
158.31,77.71,0,1925,37,GB
167.52,78.51,1,1925,20,GB
173.71,72.19,1,1925,50,GB
166.28,62.1,0,2025,57,GB
165.68,75.01,1,2025,17,GB
158.41,57.68,0,1925,51,GB
161.19,80.55,0,2025,35,GB
171.85,79.67,1,1925,67,GB
161.73,50.12,0,2025,55,GB
159.52,61.35,0,1925,22,GB
151.54,59.02,0,2025,13,GB
169.42,90.91,1,1925,64,GB
159.84,62.61,0,1925,47,GB
145.81,38.29,1,1925,10,GB
156.89,74.37,0,2025,23,GB
147.15,39.63,0,1925,11,GB
172.26,79.48,1,1925,22,GB
160.3,61.48,0,1925,30,GB
149.85,58.35,1,2025,13,GB
172.32,73.43,1,2025,21,GB
175.75,72.63,1,2025,26,GB
169.39,70.2,0,2025,49,GB
161.92,53.2,0,1925,59,GB
172.04,66.67,1,1925,32,GB
147.71,55.84,1,2025,13,GB
147.17,42.41,0,2025,11,GB
169.97,73.54,1,1925,62,GB
154.89,52.78,0,1925,39,GB
156.65,43.83,0,2025,11,GB
164.24,69.7,0,2025,20,GB
174.21,69.38,1,1925,64,GB
177.24,79.59,1,2025,53,GB
163.3,73.07,0,2025,59,GB
166.93,72.6,1,1925,46,GB
160.07,82.19,0,2025,26,GB
172.65,108.34,1,2025,54,GB
172.53,87.9,1,2025,37,GB
175.96,73.72,1,2025,66,GB
175.34,81.38,1,2025,70,GB
158.25,56.98,0,1925,54,GB
171.85,87.62,1,2025,20,GB
165.42,67.82,0,2025,17,GB
164.78,77.01,0,2025,68,GB
158.87,54.42,0,1925,18,GB
162.86,70.18,0,2025,28,GB
167.83,75.49,1,1925,52,GB
158.99,78.2,0,1925,61,GB
157.6,60.67,0,1925,50,GB
163.66,88.22,0,2025,56,GB
159.11,82.95,0,2025,39,GB
181.55,112.88,1,2025,25,GB
165.64,61.93,0,2025,18,GB
176.13,72.21,1,1925,68,GB
183.22,63.43,1,2025,68,GB
159.31,59.19,0,1925,46,GB
173.21,81.97,1,2025,25,GB
155.33,58.25,0,2025,13,GB
163.01,66.29,0,1925,66,GB
160.46,70.38,0,2025,65,GB
154.93,56.31,0,1925,18,GB
172.64,80.29,1,2025,38,GB
165.39,75.08,0,2025,21,GB
148.86,38.33,1,1925,10,GB
157.29,55.88,0,1925,17,GB
154.66,67.35,0,2025,20,GB
168.6,77.95,1,1925,34,GB
169.83,73.54,1,1925,31,GB
170.74,70.77,1,2025,16,GB
171.75,82.79,1,1925,26,GB
165.75,78.66,0,2025,42,GB
156.76,53.2,0,1925,19,GB
171.05,76.93,1,1925,27,GB
171.23,67.76,1,1925,28,GB
158.63,61,0,1925,58,GB
155.74,65.48,0,2025,67,GB
170.77,72.37,1,1925,34,GB
158.13,65.94,0,1925,28,GB
155.85,71.84,0,2025,46,GB
148.02,49.19,0,2025,10,GB
176.94,104.23,1,2025,36,GB
163.58,81.39,0,2025,45,GB
171.38,79.42,1,1925,28,GB
174.14,98.41,1,2025,37,GB
166.15,54.52,0,2025,23,GB
163.74,66.99,0,1925,61,GB
176.41,90.6,1,2025,25,GB
157.68,72.39,0,1925,28,GB
160.58,58.68,0,1925,47,GB
150.42,59.55,1,2025,14,GB
173.87,90.32,1,1925,27,GB
163.42,59.86,0,2025,70,GB
161.43,61.35,0,1925,35,GB
145.26,43.42,0,2025,11,GB
160.68,54.38,0,1925,20,GB
164.74,77.37,1,1925,69,GB
164.51,75.58,0,2025,60,GB
159.63,72.5,0,2025,21,GB
177.52,104.73,1,2025,62,GB
162.06,70.1,0,2025,48,GB
176.22,72,1,2025,17,GB
172.96,77.75,1,1925,60,GB
176.84,82.82,1,2025,69,GB
158.04,59.09,0,1925,31,GB
150.09,40.3,0,1925,11,GB
160.41,81.64,0,2025,53,GB
169.34,82.59,1,1925,25,GB
171.29,106.79,1,2025,45,GB
177.72,79.7,1,2025,32,GB
169.38,83.95,1,1925,61,GB
166.34,73.34,0,2025,37,GB
155.07,68.9,0,1925,59,GB
177.77,83.72,1,2025,25,GB
157.38,48.81,0,1925,48,GB
179.2,79.82,1,2025,65,GB
156.93,68.97,0,1925,39,GB
158.23,68.16,0,1925,37,GB
164.6,65.94,0,2025,65,GB
179.93,87.92,1,2025,40,GB
173.99,79.64,1,2025,49,GB
157.33,64.4,0,1925,23,GB
178.02,89.4,1,2025,35,GB
157.41,54.08,0,2025,17,GB
168.95,56.47,1,2025,15,GB
170.62,73.39,1,1925,46,GB
158.02,59.58,0,1925,56,GB
172.27,94.4,1,1925,59,GB
160.14,64.25,0,2025,67,GB
175.81,83.95,1,2025,46,GB
161.19,71.99,0,2025,33,GB
164.77,74.25,0,2025,33,GB
170.93,86.08,1,2025,54,GB
159.9,69.4,0,1925,25,GB
177.38,66.33,1,1925,66,GB
165.88,57.7,0,2025,56,GB
141.81,50.15,0,1925,13,GB
179.98,84.83,1,2025,65,GB
158.1,65.41,0,1925,28,GB
161.81,58.06,0,2025,40,GB
158.82,77.1,0,2025,51,GB
172.68,77.97,1,2025,26,GB
176.88,69,1,2025,46,GB
164.43,59.45,0,2025,58,GB
158.11,62.35,0,1925,50,GB
155.37,41.29,1,2025,10,GB
164.15,70.51,0,2025,45,GB
167.76,92.63,0,2025,29,GB
171.88,90.19,1,2025,38,GB
174.12,71.85,1,2025,50,GB
171.32,71.31,1,1925,50,GB
163.99,59.99,0,2025,57,GB
156.97,70.87,0,1925,57,GB
157.22,48.92,0,1925,22,GB
158.13,60.49,0,1925,20,GB
158.05,59.2,0,1925,69,GB
159.09,50.31,0,1925,20,GB
179.34,91.78,1,2025,28,GB
153.74,55.71,0,1925,47,GB
155.97,57.25,0,1925,51,GB
157.86,54.59,0,1925,42,GB
170.86,73.59,1,1925,60,GB
182.29,64.31,1,2025,69,GB
148.6,50.11,1,2025,13,GB
171.1,75.47,1,1925,22,GB
166.5,62.03,1,1925,48,GB
158.86,63.06,0,1925,31,GB
171.52,78.31,1,2025,18,GB
172.13,58.66,1,1925,19,GB
160.32,66.45,0,1925,54,GB
165.89,75.8,0,2025,47,GB
170.48,77.11,1,1925,65,GB
160.81,55.26,0,1925,38,GB
156.13,71.38,0,1925,36,GB
161.18,69.87,0,1925,64,GB
160.61,53.52,0,1925,37,GB
161.12,70.26,0,1925,38,GB
175.54,67.85,1,2025,54,GB
156.29,81.78,0,2025,30,GB
168.59,72.62,0,2025,25,GB
151.81,51.94,0,2025,14,GB
174.79,76.16,1,2025,28,GB
176.41,95.19,1,2025,27,GB
178.3,87.52,1,2025,57,GB
149.55,39.03,1,1925,11,GB
150.68,46.61,0,2025,11,GB
177.63,78.73,1,2025,24,GB
167.7,74.48,0,2025,49,GB
163.92,93.27,0,2025,36,GB
177.93,102.07,1,2025,42,GB
168.59,61.51,1,1925,25,GB
174.5,89.92,1,1925,68,GB
177.1,90.82,1,2025,48,GB
174.07,95.06,1,1925,52,GB
157.38,66.79,0,1925,35,GB
158.1,55.84,0,1925,29,GB
159.92,60.97,0,2025,70,GB
154.26,75.74,0,2025,29,GB
169.88,82.62,1,1925,42,GB
160.32,47.5,0,1925,37,GB
166.41,50.68,0,2025,29,GB
169.29,70.25,1,1925,45,GB
156.14,56.1,0,1925,19,GB
176.79,92.11,1,2025,42,GB
166.15,68.26,0,2025,39,GB
169.94,72.24,1,2025,45,GB
182.1,75.18,1,2025,69,GB
171.24,64.34,1,1925,19,GB
172.47,61.54,1,2025,15,GB
165.13,78.13,0,2025,35,GB
144.44,40.2,0,1925,11,GB
174.73,84.5,1,1925,60,GB
160.66,61.51,0,1925,53,GB
147.5,60.1,0,2025,14,GB
178.89,84.75,1,2025,45,GB
173.79,72.82,1,2025,27,GB
183,96.06,1,2025,41,GB
162.71,66.17,0,2025,41,GB
176.48,84.03,1,1925,70,GB
171.4,71.24,1,1925,45,GB
179.18,89.02,1,2025,47,GB
167.84,74.88,0,2025,60,GB
161.79,63.97,0,2025,53,GB
167.5,77.16,1,1925,53,GB
148.63,38.26,1,1925,10,GB
176.29,95.49,1,2025,45,GB
162.38,80.98,0,2025,65,GB
165.77,91.28,0,2025,60,GB
171.47,66.83,1,1925,45,GB
158.09,56.31,0,2025,38,GB
161.54,50.72,0,1925,15,GB
180.28,84.29,1,2025,29,GB
146.9,53.34,1,1925,13,GB
164.02,55.76,0,2025,15,GB
171.5,77.69,1,2025,21,GB
156.78,51.13,0,1925,61,GB
166.73,67.08,0,2025,18,GB
168.95,64.11,1,1925,53,GB
159.94,57.46,0,1925,43,GB
155.29,53.1,0,1925,23,GB
156.76,53.54,0,1925,68,GB
158.81,80.22,0,1925,20,GB
158.26,75.61,0,1925,39,GB
146.66,40.04,0,1925,11,GB
155.79,53.85,0,1925,50,GB
170.56,75.35,1,1925,64,GB
175.88,105.08,1,2025,44,GB
165.87,71.36,0,2025,42,GB
158.59,51.93,0,1925,41,GB
161.86,60.33,0,1925,42,GB
173.73,86.44,1,1925,62,GB
161.5,58.8,0,1925,53,GB
166.73,68.39,0,2025,58,GB
150.78,57.7,1,2025,14,GB
165.93,75.39,0,2025,26,GB
170.12,69.53,1,1925,52,GB
173.3,66.84,1,2025,16,GB
175.7,82.16,1,1925,61,GB
159.01,49.78,0,1925,22,GB
174.7,85.26,1,2025,49,GB
158.92,59.04,0,2025,18,GB
169.97,70.22,1,1925,32,GB
160.21,61.54,0,2025,20,GB
166.79,63.47,0,2025,18,GB
181.1,105.69,1,2025,62,GB
159.52,56.1,0,1925,29,GB
168.37,67.35,0,2025,20,GB
167.06,58.67,1,1925,32,GB
173.87,79.64,1,1925,45,GB
169.27,64.87,1,2025,28,GB
168.03,81.4,1,1925,53,GB
159.91,52.08,0,1925,61,GB
173.6,82.69,1,1925,44,GB
147.16,51.63,1,1925,14,GB
175.37,121.58,1,2025,38,GB
154.65,60.28,0,2025,54,GB
179.1,81.17,1,2025,69,GB
162.64,68.96,0,2025,23,GB
160.48,76.14,0,1925,58,GB
156.49,68.02,0,1925,38,GB
161.88,62.92,0,1925,62,GB
160.25,85.96,0,2025,56,GB
171.42,91.25,1,2025,33,GB
163.12,62.94,0,1925,20,GB
175.7,121.27,1,2025,35,GB
182.06,80.2,1,2025,40,GB
149.97,54.83,0,2025,14,GB
180.14,72.02,1,2025,56,GB
154.87,52.27,0,1925,16,GB
160.7,69.38,0,2025,31,GB
171.77,72.27,0,2025,40,GB
148.35,45.79,0,2025,12,GB
157.06,50.79,0,1925,15,GB
177.72,70.47,1,1925,64,GB
169.35,79.35,1,1925,26,GB
148.24,47.07,1,2025,11,GB
165.67,79.14,0,2025,56,GB
170.65,70.49,0,2025,69,GB
156.7,60.73,0,1925,28,GB
161.1,74.79,0,2025,46,GB
167.55,75.96,0,2025,53,GB
171.6,75.88,1,1925,69,GB
163,81.93,0,2025,29,GB
169.47,90.74,1,1925,23,GB
161.61,66.59,0,1925,56,GB
155.81,56.17,0,1925,17,GB
144.84,39.45,0,1925,12,GB
163.4,62.46,0,1925,57,GB
160.74,70.65,0,1925,58,GB
160.65,66.32,0,1925,24,GB
158.52,75.9,0,2025,31,GB
160.09,86.46,0,2025,41,GB
161.4,82.99,0,2025,42,GB
157.54,66.5,0,1925,49,GB
159.79,71.32,0,2025,41,GB
157.02,67.03,0,2025,44,GB
158.95,73.26,0,2025,29,GB
170.51,72.31,0,2025,63,GB
178.64,56.6,1,2025,50,GB
165.58,75.89,0,1925,61,GB
151.79,48.34,0,1925,67,GB
171.44,71.55,1,1925,30,GB
175.37,87.95,1,1925,63,GB
163.31,67.19,0,2025,23,GB
164.51,53.91,0,1925,67,GB
182.56,95.06,1,2025,70,GB
172.08,84.66,1,1925,49,GB
175.28,91.19,1,2025,39,GB
163.6,55.55,0,2025,17,GB
163.96,63.64,0,2025,27,GB
172.03,64.72,1,1925,27,GB
161.8,70.42,0,2025,70,GB
155.69,58.51,0,1925,37,GB
168.1,52.01,0,2025,69,GB
173.44,74.55,1,1925,53,GB
161.9,61.92,0,2025,46,GB
172.78,84.07,1,2025,41,GB
165.88,75.5,0,2025,31,GB
155.86,56.7,0,1925,50,GB
173.91,78.61,1,1925,29,GB
146.6,50.94,0,1925,14,GB
156.43,67.08,0,1925,62,GB
158.31,61.06,0,1925,32,GB
159.91,77.25,0,1925,56,GB
152.75,72.75,0,1925,57,GB
187.11,124.1,1,2025,70,GB
157.96,56.04,0,1925,23,GB
179.56,92.16,1,2025,66,GB
162.84,61.26,0,2025,16,GB
171.79,56.31,1,1925,33,GB
181.11,93.76,1,2025,43,GB
173.58,70.87,1,1925,22,GB
164.44,72.18,0,2025,20,GB
172.12,84.69,1,1925,67,GB
172.43,68.25,1,1925,47,GB
145.1,41.08,0,1925,13,GB
159.12,58.29,0,1925,61,GB
155.59,43.8,1,2025,12,GB
172.64,87.61,1,2025,37,GB
180.95,92.99,1,2025,57,GB
175.96,106.15,1,1925,57,GB
180.45,92.02,1,2025,46,GB
161.47,61.15,0,2025,51,GB
174.54,87.46,1,2025,38,GB
173.68,71.45,1,2025,50,GB
172.55,78.59,1,1925,39,GB
161.96,79.62,0,2025,66,GB
171.5,86.21,1,1925,45,GB
156.83,66.66,0,1925,43,GB
159.05,55.87,0,2025,52,GB
155.05,66.77,0,1925,68,GB
172.92,89.53,1,1925,60,GB
172.99,86.49,1,2025,43,GB
149.87,50,0,1925,15,GB
173.29,78.37,1,2025,42,GB
182.7,79.45,1,2025,68,GB
156.45,58.37,0,1925,45,GB
175.66,90.03,1,2025,24,GB
173.8,89.53,1,2025,54,GB
161.94,57.44,0,1925,61,GB
165.31,77.41,0,2025,70,GB
157.97,67.56,0,2025,16,GB
172.64,87.51,1,1925,61,GB
161.7,81.28,0,2025,56,GB
156.85,64.12,0,1925,53,GB
157.89,47.5,0,1925,49,GB
179.91,95.03,1,2025,58,GB
159.44,53.1,0,2025,54,GB
166.39,69.14,0,2025,57,GB
176.55,93.83,1,2025,58,GB
164.75,73.59,0,2025,69,GB
161.44,58.17,0,2025,17,GB
176.22,93.88,1,1925,63,GB
158.64,51.44,0,1925,18,GB
179.48,93.1,1,2025,22,GB
171.65,71.57,1,1925,54,GB
172.32,80.95,1,1925,27,GB
168.24,59.44,0,2025,17,GB
164.2,83.27,0,2025,42,GB
158.29,52.47,0,1925,46,GB
147.46,43.94,1,2025,11,GB
146.16,51.24,0,1925,13,GB
161.33,56.29,0,2025,23,GB
149.28,59.39,1,2025,14,GB
180.86,93.91,1,2025,65,GB
174.92,73.06,1,1925,60,GB
169.49,98.29,1,2025,37,GB
158.92,62.74,0,1925,39,GB
162.59,57.4,0,2025,24,GB
160.62,55.48,0,1925,37,GB
172.48,90.46,1,1925,37,GB
156.87,49.78,0,1925,15,GB
157.11,50.83,0,2025,48,GB
178.24,84.63,1,2025,58,GB
176.87,87.55,1,2025,34,GB
160.45,77.15,0,2025,48,GB
176.64,85.11,1,2025,48,GB
150.65,58.17,1,2025,13,GB
179.89,87.26,1,2025,41,GB
161.8,71.72,0,2025,57,GB
159.5,54.15,0,1925,32,GB
149.38,57.69,0,1925,66,GB
171.54,79.67,1,1925,50,GB
167.57,63.8,1,1925,17,GB
172.65,54.59,1,1925,58,GB
156.58,53.57,0,1925,51,GB
165.86,67.06,0,2025,61,GB
155.35,56.5,0,1925,16,GB
160.33,74.27,0,2025,43,GB
149.29,42.16,0,2025,10,GB
171.78,100.94,1,2025,45,GB
173.84,62.32,1,1925,35,GB
162.36,63.81,1,1925,16,GB
162.24,79.59,0,2025,21,GB
175.5,60.96,1,1925,70,GB
160.91,61.89,0,2025,62,GB
171.2,78.42,1,1925,65,GB
157.98,47.7,0,2025,44,GB
149.94,47.6,1,2025,14,GB
158.84,62.27,0,1925,26,GB
170.65,76.87,1,1925,26,GB
157.26,64.36,0,2025,47,GB
157.54,43.69,0,1925,30,GB
159.98,65.65,0,1925,46,GB
158.98,76.65,0,2025,33,GB
159.29,51.18,0,1925,26,GB
156.22,57.21,0,1925,32,GB
160.94,72.57,0,1925,58,GB
177.8,87.5,1,2025,36,GB
145.69,38.87,1,1925,10,GB
171.23,69.27,1,1925,26,GB
151.89,59.94,0,2025,14,GB
149.09,54.04,1,1925,13,GB
164.57,60.14,0,2025,39,GB
163.72,80.56,0,1925,36,GB
155.78,52.25,0,2025,30,GB
172.73,96.74,1,2025,38,GB
161.69,75.85,0,2025,33,GB
150.41,60.28,0,2025,14,GB
156.79,50.77,0,1925,22,GB
168.86,75.38,1,1925,54,GB
181.22,88.72,1,2025,34,GB
177.49,83.73,1,2025,58,GB
159.23,77.99,0,1925,66,GB
148.27,62.11,1,2025,14,GB
159.65,54.67,0,1925,22,GB
136.87,39.69,0,1925,11,GB
160.43,58.39,0,2025,17,GB
162.43,60.36,0,1925,56,GB
179.32,94.77,1,2025,51,GB
169,66.97,1,1925,31,GB
171.03,52.5,1,1925,35,GB
158.96,70.54,0,1925,68,GB
174.09,60.61,1,1925,48,GB
167.97,78.1,0,2025,62,GB
170.15,69.47,1,1925,49,GB
156.16,89.2,0,2025,31,GB
162.8,83.97,0,2025,64,GB
156.18,57.84,0,1925,50,GB
166.7,60.21,0,2025,31,GB
177.29,75.65,1,1925,56,GB
170.63,61.73,0,2025,16,GB
159.57,55.79,0,1925,60,GB
146.11,53.37,1,1925,13,GB
159.21,48.27,0,1925,56,GB
147.03,40.02,0,1925,11,GB
173.84,83.44,1,1925,34,GB
159.62,59.06,0,1925,35,GB
148.12,52.56,1,1925,14,GB
171.42,95.19,1,2025,51,GB
167.23,64.82,1,1925,16,GB
161.23,61.4,0,2025,49,GB
173.25,101.2,1,2025,31,GB
160.9,75.27,0,2025,64,GB
161.73,74.28,0,2025,31,GB
167.8,78.92,1,2025,18,GB
171.8,78.93,1,1925,25,GB
167.01,82.32,0,2025,62,GB
162.95,87.08,0,2025,56,GB
172.2,87.19,1,2025,22,GB
162.8,64.94,0,2025,65,GB
159.91,65.76,0,2025,52,GB
151.32,43.27,0,2025,12,GB
169.82,79.91,1,1925,41,GB
176.43,89.62,1,2025,19,GB
173.16,101.21,1,2025,33,GB
170.54,97.41,1,1925,62,GB
184.23,88.33,1,2025,44,GB
151.68,45.44,0,2025,10,GB
137.64,40.06,0,1925,10,GB
164.29,85.57,0,2025,48,GB
176.33,100.71,1,2025,33,GB
152.41,41.99,0,2025,10,GB
173.17,88.82,1,1925,45,GB
175.74,81.92,1,2025,25,GB
174.62,83.18,1,2025,35,GB
159.36,63.19,0,1925,41,GB
147.16,38.87,1,1925,10,GB
153.91,56.22,0,1925,17,GB
174.65,68.13,1,1925,58,GB
172.44,71.41,1,2025,30,GB
154.23,62.3,0,1925,32,GB
159.2,67.83,0,2025,18,GB
172.94,94.67,1,2025,25,GB
164.5,71.64,0,2025,64,GB
158,52.72,0,1925,56,GB
177.81,93.96,1,2025,26,GB
148.49,46.16,1,2025,10,GB
160.32,60.48,0,1925,46,GB
172.69,83.23,1,1925,20,GB
166.13,78.59,0,2025,66,GB
172.39,77.61,1,2025,40,GB
173.71,87.18,1,2025,56,GB
172.12,76.34,1,2025,16,GB
169.87,83.33,1,1925,22,GB
176.23,98.82,1,2025,22,GB
174.22,58.12,1,1925,69,GB
163.39,70.97,0,2025,42,GB
162.08,57.92,0,1925,58,GB
146.14,50.12,0,1925,13,GB
161.61,55.78,0,1925,16,GB
181.78,79.15,1,2025,16,GB
161.58,68.38,0,2025,42,GB
169.84,79.99,1,1925,21,GB
169.55,96.96,1,1925,65,GB
154.76,59.56,0,1925,64,GB
173.74,77.66,1,1925,42,GB
156.94,55.9,0,1925,65,GB
174.9,65.91,1,2025,15,GB
164.47,71.44,0,2025,30,GB
158.61,44.04,0,1925,46,GB
158.99,64.57,0,2025,37,GB
161.69,70.95,0,2025,33,GB
158.11,63.69,0,1925,30,GB
172.47,70.03,1,1925,20,GB
179.08,101.15,1,2025,65,GB
158.58,67.6,0,2025,19,GB
172.47,80.63,1,2025,51,GB
179.32,102.05,1,2025,50,GB
178.69,66.11,1,2025,32,GB
156.41,80.25,0,2025,62,GB
164.76,68.93,0,2025,18,GB
173.39,86.26,1,1925,40,GB
165.76,57.96,0,2025,44,GB
159.94,59.85,0,1925,56,GB
178.88,81.03,1,2025,67,GB
164.92,68.79,0,2025,16,GB
159.1,71.1,0,1925,64,GB
172.83,76.73,1,2025,45,GB
158.92,61.04,0,2025,15,GB
173.03,102.56,1,2025,30,GB
160.26,67.02,0,1925,43,GB
165.32,62.7,0,2025,36,GB
168.62,82.61,0,2025,70,GB
168.43,66.94,1,1925,64,GB
159.84,58.02,0,2025,28,GB
160,48.21,0,1925,23,GB
149.28,46.82,0,2025,12,GB
171.28,71.49,1,2025,16,GB
181.76,75.67,1,2025,16,GB
175.17,51.12,1,2025,38,GB
174.63,89.05,1,1925,61,GB
179.2,69.87,1,2025,45,GB
170.67,70.71,1,1925,64,GB
173.25,68.38,1,2025,41,GB
179.01,78.5,1,2025,66,GB
174.87,95.48,1,2025,33,GB
158.12,74.63,0,1925,69,GB
159.16,65.17,0,1925,32,GB
170.39,82.62,1,1925,42,GB
168.58,89.92,0,2025,49,GB
157.14,71.09,0,1925,39,GB
154.57,66.16,0,1925,24,GB
159.99,60.41,0,1925,33,GB
182.25,98.64,1,2025,60,GB
167.41,69.38,1,1925,64,GB
149.25,61.39,0,2025,13,GB
156.72,43.87,0,1925,23,GB
178.8,95.67,1,2025,22,GB
155.45,59.68,0,2025,32,GB
172.68,74.12,1,2025,39,GB
155.69,53.63,0,1925,45,GB
178.78,74.16,1,2025,67,GB
170.02,66.46,1,1925,22,GB
159.54,57.14,0,1925,32,GB
158.65,60.92,0,1925,23,GB
151.49,59.53,1,2025,14,GB
166.18,66.24,0,2025,31,GB
172.83,90.02,1,1925,56,GB
159.88,71.16,0,2025,27,GB
179.02,65.93,1,2025,21,GB
175.39,99.32,1,2025,23,GB
167.21,68.72,1,2025,16,GB
164.06,59.88,0,2025,38,GB
161.6,79.33,1,1925,67,GB
162.72,65.52,0,2025,16,GB
156.77,55.77,0,1925,18,GB
160.74,63.69,1,2025,31,US
174.26,77.75,0,1925,23,US
173.42,74.69,0,1925,19,US
175.21,71.28,0,2025,33,US
169.18,66.44,0,2025,30,US
162.27,70.97,0,1925,80,US
190.51,88.32,0,1925,68,US
187.79,87.89,0,2025,72,US
179.33,78.84,1,2025,39,US
177.01,68.75,1,2025,25,US
175.93,70.57,0,2025,74,US
163.2,59.87,1,1925,48,US
178.33,79.13,1,2025,49,US
153.28,44.44,0,2025,68,US
179.68,79.44,1,2025,77,US
164.48,60.29,0,2025,70,US
180.84,79.6,0,1925,86,US
156.74,56.64,1,1925,74,US
163.06,66.84,1,2025,46,US
165.73,56.91,0,2025,39,US
168.51,70.02,0,1925,73,US
154.31,57,1,1925,58,US
155.21,54.71,0,2025,63,US
178.87,82.79,0,2025,22,US
154.92,60.24,1,1925,18,US
164.74,72.83,0,1925,21,US
170.72,61.09,1,1925,47,US
172.39,74.1,0,1925,46,US
172.09,76.64,0,1925,78,US
180.14,84.3,1,2025,32,US
187.73,88.95,0,2025,21,US
155.19,54,0,1925,63,US
176.16,69.17,0,2025,49,US
177.82,71.48,0,1925,18,US
182.03,77.29,1,2025,36,US
163.57,62.34,0,1925,25,US
178.52,79.03,0,2025,52,US
166.64,69,0,1925,80,US
154.85,50.82,0,2025,35,US
183.31,80.87,0,1925,94,US
166.8,66.73,1,1925,88,US
161.58,61.8,0,1925,84,US
174.38,79.32,1,1925,62,US
165.1,62.79,1,1925,31,US
159.85,50.02,1,2025,46,US
173.96,72.25,0,2025,29,US
174.13,77.82,0,1925,84,US
184.55,83.9,0,1925,34,US
166.09,74.72,0,1925,38,US
167.59,62.85,0,2025,63,US
166.34,63.93,1,2025,33,US
170.56,73.6,0,1925,66,US
159.6,64.06,0,1925,42,US
173.18,66.61,1,2025,24,US
167.88,65.62,0,1925,34,US
164.18,57.28,0,1925,92,US
186.72,89.22,1,1925,79,US
171.86,62.35,1,2025,53,US
171.63,66.06,0,2025,44,US
188.29,88.04,0,2025,43,US
161.01,61.4,0,2025,78,US
184.38,78.56,0,1925,24,US
174.58,69.55,1,1925,43,US
154.73,53.06,1,2025,43,US
155.22,60.23,1,2025,43,US
176.8,74.73,1,1925,40,US
165.14,65.15,1,2025,34,US
170.14,62.85,0,2025,39,US
182.2,79.71,0,2025,44,US
179.69,84.86,0,1925,61,US
149.4,41.82,1,2025,74,US
178.69,77.24,0,2025,42,US
170.52,66.28,0,1925,20,US
167.55,67.34,0,2025,23,US
173.22,67.47,1,1925,18,US
150.76,57.64,0,1925,68,US
159.23,60.73,0,1925,100,US
177.61,68.98,1,2025,42,US
177.47,79.95,1,2025,18,US
177.04,84.47,1,1925,73,US
169.26,61.01,0,2025,41,US
159.5,56.49,1,2025,50,US
152.55,56.23,1,1925,55,US
178.89,71.66,1,1925,58,US
183.05,83.83,0,1925,20,US
172.14,69.68,0,2025,68,US
171.37,67,1,2025,35,US
168.59,63.81,0,2025,44,US
163.94,60.7,0,2025,39,US
170.96,70.88,0,2025,47,US
165.58,59.97,1,1925,89,US
158.4,55.96,0,1925,20,US
168.32,70.86,1,1925,45,US
157,56.34,1,2025,31,US
167.65,64.54,0,1925,39,US
169.96,68.89,0,1925,72,US
163,69.97,1,2025,44,US
173.52,79.47,0,2025,31,US
186.13,87.41,0,1925,100,US
176.41,70.14,1,2025,48,US
172.5,73.26,1,2025,57,TJK
166.59,68.82,0,2025,53,TJK
181.58,82.25,0,1925,30,TJK
165.45,67.16,0,1925,30,TJK
167.08,67.94,0,1925,50,TJK
166.95,67.96,0,1925,53,TJK
166.68,66.36,0,2025,51,TJK
167.33,67.92,0,1925,32,TJK
164.85,64.43,1,2025,55,TJK
163.78,64.91,1,1925,62,TJK
159.96,59.23,0,2025,59,TJK
162.06,62.24,1,2025,44,TJK
153.04,52.39,1,1925,19,TJK
177.71,75.89,0,1925,50,TJK
160.18,60.66,1,1925,55,TJK
175,74.2,0,1925,19,TJK
179.06,79.68,0,2025,33,TJK
174.9,73.45,1,1925,47,TJK
175.32,75.55,1,2025,24,TJK
178.82,78.67,0,1925,32,TJK
171.02,70.71,0,2025,65,TJK
163.44,63.47,1,1925,59,TJK
168.1,67.94,0,1925,28,TJK
191.43,91.93,0,2025,43,TJK
152.58,51.92,1,2025,18,TJK
182.65,84.44,0,2025,21,TJK
164.94,64.31,1,1925,42,TJK
178.47,77.92,0,2025,41,TJK
167.42,66.33,0,2025,53,TJK
171.75,72.49,1,2025,24,TJK
166.9,65.94,0,2025,62,TJK
198.52,99.96,0,1925,61,TJK
169.71,69.01,0,1925,28,TJK
171.59,71.11,0,2025,45,TJK
159.04,59.8,1,1925,19,TJK
175.24,76.03,0,2025,34,TJK
178.48,79.69,0,2025,32,TJK
166.55,66.31,0,2025,21,TJK
158.99,58.8,0,2025,27,TJK
157.12,56.9,0,2025,53,TJK
160.01,57.77,1,2025,20,TJK
178.8,79.69,0,1925,42,TJK
169.4,68.65,1,1925,51,TJK
168.11,69.53,1,2025,30,TJK
162.37,63.18,1,2025,65,TJK
179.55,80.33,0,1925,23,TJK
158.56,58.14,0,2025,52,TJK
158.6,58.87,0,2025,48,TJK
174.68,74.7,0,2025,33,TJK
160.29,58.73,0,1925,21,TJK
170.97,70.06,1,1925,55,TJK
156.22,54.98,0,1925,55,TJK
183.72,84.01,0,2025,29,TJK
172.83,72.89,1,2025,56,TJK
189.36,87.37,0,2025,33,TJK
178.47,79.69,0,1925,21,TJK
173.19,73.64,1,2025,49,TJK
181.62,81.86,1,1925,33,TJK
182.48,82.59,0,1925,24,TJK
171.3,69.18,0,2025,47,TJK
181.23,83.47,0,2025,38,TJK
180.47,81.93,0,1925,52,TJK
166.57,67.11,1,1925,31,TJK
174.17,74.48,1,1925,48,TJK
176,75.99,1,2025,52,TJK
167.71,66.12,1,1925,62,TJK
158.96,59.87,1,2025,26,TJK
192.68,92.19,0,2025,63,TJK
169.7,68.87,0,1925,26,TJK
175.24,76.17,0,2025,61,TJK
166.69,64.87,1,2025,29,TJK
171.29,71.19,0,2025,52,TJK
171.2,70.69,0,2025,65,TJK
165.98,65.53,0,1925,50,TJK
177.99,79.36,1,2025,49,TJK
176.78,77.36,0,1925,45,TJK
172.25,72.62,0,2025,22,TJK
172.82,72.23,1,1925,28,TJK
166.4,67.61,1,2025,46,TJK
166.84,66.63,1,2025,63,TJK
183.61,86.14,0,1925,46,TJK
167.5,67.02,1,1925,61,TJK
174.2,73.68,1,1925,32,TJK
166.91,67.98,1,2025,29,TJK
187.53,86.3,0,2025,54,TJK
170.8,70.15,0,1925,42,TJK
172.68,73.66,1,1925,24,TJK
159.8,58.86,0,2025,49,TJK
169.44,69.73,0,1925,34,TJK
175.48,72.93,0,2025,33,TJK
154.01,54,1,2025,50,TJK
169.75,71.93,0,1925,65,TJK
166.75,67.22,1,2025,23,TJK
163.64,64.79,1,1925,35,TJK
183.44,83.14,0,1925,63,TJK
171.18,70.83,0,1925,42,TJK
174.01,74.88,1,2025,20,TJK
191.03,91.88,0,1925,20,TJK
171.04,70.52,0,1925,64,TJK
166.24,65.67,1,1925,53,TJK
164.94,65.58,0,1982,14,ES
172.02,82.53,0,1939,59,ES
186.55,82.08,1,1980,78,ES
126.73,33.36,1,1937,6,ES
184.54,85.63,1,1969,83,ES
176,77.44,0,2010,64,ES
129.88,29.47,1,1987,10,ES
172.94,69.33,1,2000,98,ES
159.85,66.53,0,2001,47,ES
175.67,84.52,1,1932,46,ES
168.34,69.11,0,1932,50,ES
183.1,92.18,1,1970,69,ES
162.13,73.89,0,2025,52,ES
182.8,68.7,0,1998,53,ES
129.98,56.86,0,1958,44,ES
178.33,64.75,0,1933,64,ES
183.68,78.91,1,2000,49,ES
173.76,83.13,1,1931,84,ES
186.06,79.8,1,1927,99,ES
162.91,47.3,1,1925,12,ES
198.2,80.97,1,2000,87,ES
181.97,85.94,1,2001,41,ES
157.96,63.82,0,2024,50,ES
177.87,72.67,1,1999,91,ES
160.01,88.64,1,1997,52,ES
171.56,69.99,1,1955,87,ES
178.33,77.92,1,1952,94,ES
133.45,30.57,1,1929,10,ES
159.67,63.92,0,2005,69,ES
134.89,33.73,0,1962,10,ES
170.91,64.42,0,2005,97,ES
156.26,66.76,0,1975,52,ES
192.69,94.56,1,1976,20,ES
176.63,80.17,1,2024,95,ES
140.06,61.34,0,1990,89,ES
187.08,72.81,1,1991,76,ES
157.66,63.83,0,2013,65,ES
170.26,68,1,1977,63,ES
178.19,57.71,0,1945,14,ES
187.73,91.83,1,2011,56,ES
162.82,75.42,1,2007,61,ES
174.4,88.13,1,1977,81,ES
165.64,75.32,1,1959,75,ES
180.88,76,1,1990,53,ES
177.46,67.07,1,1948,45,ES
176.46,78.84,1,1996,94,ES
158.85,64.66,0,1935,24,ES
167.39,71.38,1,1944,80,ES
166.73,91.89,1,1931,19,ES
177.48,75.22,1,1926,62,ES
170.97,82.06,1,2025,51,ES
151.95,59.85,0,1962,60,ES
93.06,18.03,0,2002,4,ES
174.68,84.24,0,1936,48,ES
166.1,77.71,0,2000,89,ES
155.72,62.5,0,1963,97,ES
161.12,57.85,1,1991,16,ES
94.38,12.21,0,1983,1,ES
160,72.12,0,1943,85,ES
181.32,75.93,1,1939,62,ES
121.02,23.95,0,1959,9,ES
98.2,20.71,0,1969,4,ES
160.14,79.13,1,1957,49,ES
159.56,82.24,1,1937,28,ES
162.74,80.53,1,1993,24,ES
156,59.63,0,1985,76,ES
151.62,78.71,0,1983,90,ES
169.28,84.36,1,1938,35,ES
166.53,75.94,0,1998,36,ES
170.28,66.38,1,2006,85,ES
165.01,72.95,1,1944,96,ES
176.48,55.41,0,2007,85,ES
170.07,71.31,1,2020,20,ES
159.41,66.22,0,1932,38,ES
122.83,28.39,0,1937,11,ES
170.76,82.75,1,1925,98,ES
147.08,74.79,1,1962,93,ES
159.98,72.4,0,2004,99,ES
161.34,65.62,1,1929,12,ES
168.64,62.09,1,1947,16,ES
164.59,86.3,1,1940,33,ES
149.67,75.78,0,1937,18,ES
164.8,83.33,1,1988,56,ES
127.17,23.39,0,1969,8,ES
102.14,21.3,1,1976,1,ES
179.38,73.14,1,2018,26,ES
178.94,65.57,0,2016,55,ES
162.37,72.47,0,2015,74,ES
172.13,79.73,1,2018,43,ES
154.83,52.47,0,2022,19,ES
179.53,53.3,0,1932,37,ES
95.14,13.5,0,1965,2,ES
131.02,37.19,0,1982,10,ES
178.7,87.31,1,1997,73,ES
178.56,62.25,0,2000,100,ES
191.2,77.9,1,2017,49,ES
173.4,65.18,0,2011,25,ES
160.29,64.49,0,2002,34,ES
157.3,66.89,0,1963,100,ES
159.35,66.35,0,1935,34,ES
178.67,66.75,1,2023,54,ES
161.46,67.73,0,2012,38,ES
167.96,70.28,1,1960,51,ES
158.12,59.6,0,2025,15,ES
173,85.59,1,2022,58,ES
155.3,63.21,0,1989,74,ES
116.32,19.59,0,1926,9,ES
163.06,82.4,1,1977,99,ES
181.69,77.37,1,1927,35,ES
156.62,59.13,0,1988,46,ES
160.83,89.85,0,1952,25,ES
133.79,31.83,1,1979,9,ES
119.6,26.44,0,1940,6,ES
172.15,93.83,1,1939,43,ES
170.81,70,0,1969,97,ES
163.4,65.81,0,2000,77,ES
155.38,70.92,0,1987,98,ES
174.39,69.83,0,1993,58,ES
183.58,79.51,1,1981,50,ES
163.76,75.96,1,1982,44,ES
162.76,73.77,1,2009,64,ES
157.3,73.72,0,1999,97,ES
96.67,19.49,1,1957,4,ES
163.77,77.63,1,1991,71,ES
171.38,62.23,0,1995,25,ES
158.65,55.8,0,1979,98,ES
151.24,70.55,0,2021,71,ES
157.43,69.86,1,1994,42,ES
162.74,58.33,1,2023,15,ES
121.77,27.92,0,1994,6,ES
169.5,76.79,1,1937,76,ES
184.87,69.18,1,2014,67,ES
171.77,56.42,0,1990,51,ES
169.82,69.07,1,1940,26,ES
126,32.12,0,2018,11,ES
162.79,61.41,1,1946,67,ES
162.93,72.2,0,1964,93,ES
160.42,51.6,0,1992,14,ES
161.59,65.43,0,2008,90,ES
128.08,30.5,0,2003,9,ES
148.97,53.52,0,2001,68,ES
165.45,79.06,0,1932,85,ES
149.59,64.18,1,1988,100,ES
169.19,83,0,1943,80,ES
153.37,63.78,0,1932,62,ES
168.3,57.87,0,1998,52,ES
178.56,77.99,1,1973,37,ES
169.11,81.55,1,1977,30,ES
129.09,34.01,0,1951,11,ES
187.06,93.12,1,1997,55,ES
162.91,85.09,1,1967,65,ES
161.98,59.04,1,2002,69,ES
157.2,63.17,0,1943,46,ES
167.05,81.62,0,1946,81,ES
130.1,31.99,1,2009,9,ES
172.58,65.4,0,1998,71,ES
158.83,81.32,0,2011,54,ES
179.36,80.35,1,1995,56,ES
159.13,72.38,0,1961,64,ES
162.91,72.15,0,1964,46,ES
130.85,24.79,1,2024,11,ES
167.24,78.75,1,1929,22,ES
176.59,59.74,0,1998,18,ES
142.76,76.33,0,1980,18,ES
183.36,78.35,1,2006,100,ES
165.48,75.54,1,1995,81,ES
182.99,80.34,1,2009,80,ES
168.35,80.4,1,1965,91,ES
152.29,75.68,0,1953,63,ES
167.94,74.78,1,1964,34,ES
132.82,32.31,1,1934,7,ES
169.4,79.35,1,2009,91,ES
176.65,81.58,1,1942,50,ES
157.3,79.85,0,1971,51,ES
168.1,52.69,1,1958,13,ES
150.12,67.64,0,1926,49,ES
167.13,53.87,1,2008,14,ES
163.96,72.49,1,2017,33,ES
188.35,88.21,1,2005,72,ES
165.7,51.77,1,1979,16,ES
162.36,72.91,0,1994,61,ES
174.26,68.32,1,1951,73,ES
153.75,77.32,1,2024,78,ES
162.56,57.91,1,1926,12,ES
156.88,74.37,1,1974,50,ES
129.28,29.16,1,1978,6,ES
158.12,65.8,0,1957,21,ES
175.1,67.81,0,1988,76,ES
149.85,80.47,0,1980,93,ES
156.41,40.87,0,1978,15,ES
161.04,63.55,0,1979,37,ES
138.94,69.9,0,2005,39,ES
134.13,76.73,0,2021,39,ES
168.67,68.99,1,1980,33,ES
162.72,67.52,1,1988,61,ES
92.68,17.26,0,2022,2,ES
155.27,52.25,0,2002,39,ES
163.91,77.63,0,2020,37,ES
166.27,59.65,0,1987,41,ES
183.45,81.42,1,2006,40,ES
150.88,46.9,0,2016,87,ES
172.37,75.56,0,1990,100,ES
184.6,73.43,1,2008,38,ES
164.3,78.56,1,1960,54,ES
168.17,78.5,1,1987,68,ES
144.78,57.71,0,1985,20,ES
163.77,81.53,0,1940,74,ES
175.74,76.5,1,2017,39,ES
154.96,78.6,1,1992,34,ES
182.23,88.78,1,1936,44,ES
157.46,77.53,0,2003,29,ES
179.2,78.26,0,1927,50,ES
169.53,57.15,0,1926,90,ES
166.88,73.7,0,1964,69,ES
183.2,83.25,1,1953,98,ES
183.63,69.01,1,1947,86,ES
162.03,70.06,0,1932,100,ES
155.36,69.97,0,1998,58,ES
101.73,19.47,0,1969,1,ES
183.21,73.59,1,2024,100,ES
181.46,59.82,0,2020,84,ES
167.94,64.67,0,2009,18,ES
158.59,78.57,0,1934,27,ES
144.83,77.51,0,1974,85,ES
158.49,64.92,0,1935,30,ES
164.19,75.13,0,1949,22,ES
174.97,52.85,0,1975,98,ES
174.87,83.23,1,2004,76,ES
173.22,73.6,0,1957,80,ES
130.16,26.96,1,1994,9,ES
105.05,22.22,1,1987,5,ES
157.7,55.67,0,2015,13,ES
160.72,83.87,0,1956,68,ES
169.93,67.93,1,2013,13,ES
155,87.97,1,1980,23,ES
171.76,67.99,1,1950,82,ES
160.04,77,1,2017,49,ES
164.55,64.62,0,1930,36,ES
175.04,78.51,1,1956,43,ES
136.21,34.52,1,1941,11,ES
89.16,17.33,0,1927,1,ES
164.82,67.77,0,1967,76,ES
165.99,75.04,0,1977,20,ES
168.12,79.74,1,1962,80,ES
152.16,53.25,0,2007,63,ES
163.31,73.6,0,1986,54,ES
164.46,57.73,0,1976,82,ES
180.8,84.01,1,1976,90,ES
152.94,85.08,0,2018,54,ES
173.68,79.48,1,1995,59,ES
166.23,84.92,0,1945,93,ES
152.83,63.26,0,1926,44,ES
152.23,59.16,0,1929,20,ES
98.77,20.83,1,2011,4,ES
168.29,86.69,1,1988,68,ES
153.24,36.17,0,1955,14,ES
167.68,59.62,0,1925,44,ES
132.62,25.45,1,1974,7,ES
174.14,70.67,1,1971,60,ES
121.84,19.24,0,2024,11,ES
132.55,33.83,1,1949,9,ES
187.2,63.99,0,1971,22,ES
169.55,83.62,1,1995,96,ES
159.36,57.73,0,1953,60,ES
154.48,71.28,1,1961,49,ES
91.23,16.41,1,1943,4,ES
166.07,80.95,1,1994,49,ES
180,63.99,1,2003,15,ES
165.61,86.58,1,1939,31,ES
160.02,68.8,1,2020,97,ES
169.88,83.08,1,1998,65,ES
177.34,69.56,0,1971,51,ES
178.89,80.29,1,2025,50,ES
164.5,65.36,0,1983,35,ES
158.43,65.81,0,1947,29,ES
171.07,81.55,1,1950,50,ES
163.03,73.75,0,2019,95,ES
156.12,78.47,0,1972,100,ES
166.54,75.55,1,1952,21,ES
148.4,68.94,0,2023,72,ES
159.67,86.45,1,1999,92,ES
116.92,25.61,0,1992,10,ES
151.51,52.18,0,1994,53,ES
156.16,50.5,0,1926,48,ES
187.85,68.57,1,1934,40,ES
158.58,60.47,0,1995,91,ES
162.04,63.2,0,1962,25,ES
188.01,76.27,1,1969,82,ES
176.41,69.88,0,1943,67,ES
180.75,78.16,1,2023,48,ES
122.7,28.23,0,1964,9,ES
172.98,74.74,1,1958,33,ES
192.23,89.13,1,1941,35,ES
151.78,74.11,0,2025,50,ES
180.15,72.05,1,1991,69,ES
157.78,75,0,1985,27,ES
129.1,28.19,0,1937,11,ES
163.88,68.47,0,1980,45,ES
173.17,80.56,1,2013,23,ES
157.76,43.8,0,1927,76,ES
179.45,78.71,1,1934,47,ES
156.35,50.33,0,1941,15,ES
154.13,83.06,0,2009,98,ES
166.85,86.47,1,1929,94,ES
159.57,59.86,0,2012,98,ES
166.38,75.03,1,1969,80,ES
156.39,57.49,0,1986,96,ES
167.72,83,1,1952,33,ES
172.99,69.41,1,1960,81,ES
160.66,82.39,1,1973,28,ES
175.56,63.64,1,1952,71,ES
167.92,69.94,0,2013,70,ES
178.73,88.52,1,1955,29,ES
160.24,63.33,0,1988,86,ES
175.76,82.32,1,1959,45,ES
129.95,23.09,1,2009,8,ES
165.77,82.51,0,1986,41,ES
162.39,40.39,1,1933,12,ES
168.24,68.7,1,1970,24,ES
166.32,77.09,1,2015,66,ES
183.74,70.81,0,1928,94,ES
169.26,59.73,0,2018,44,ES
165.27,79.5,0,1972,68,ES
182.1,78.09,1,1990,18,ES
162.74,36.65,0,1989,15,ES
172.27,74.96,1,1932,76,ES
163.56,76.86,0,2022,21,ES
162.06,93.68,1,2002,41,ES
189.53,74.73,1,1934,56,ES
158.24,64.44,0,1932,58,ES
166.04,53.39,1,2015,18,ES
165.13,64.11,0,1985,44,ES
167.98,64.8,0,1925,35,ES
193.01,69.16,1,1934,65,ES
94.14,15.5,1,2002,4,ES
179.57,66.45,1,1932,43,ES
164.1,53.43,0,1983,95,ES
172.94,69.62,1,1927,24,ES
161.11,74.85,0,1977,85,ES
156.75,76.79,0,1927,94,ES
163.11,51.06,0,1952,58,ES
142.61,64.05,0,1986,32,ES
154.06,58.48,0,1999,19,ES
164.17,82.17,1,2022,100,ES
140.85,67.17,0,2010,93,ES
146.45,80.36,0,1959,81,ES
185.19,88.02,1,2024,82,ES
123.05,34.34,0,1968,6,ES
174.73,74.34,0,1931,43,ES
146.8,65.3,0,2023,72,ES
175.84,80.2,1,1933,78,ES
179.77,87.67,1,1944,50,ES
175.7,88.34,1,1985,93,ES
171.57,71.55,1,1964,59,ES
175.01,87.16,1,1952,38,ES
164.94,59.64,0,1997,41,ES
162.99,70.21,0,1955,60,ES
166.41,74.72,1,1935,40,ES
161.58,66.28,0,1938,50,ES
182.14,70.92,1,2023,87,ES
185.93,67.4,1,1939,19,ES
160.36,68.81,0,1943,66,ES
140.3,66.65,0,1957,71,ES
171.99,78.12,1,1942,18,ES
168.05,72.28,1,1958,38,ES
161.9,93.57,1,2022,19,ES
181.95,77.64,1,1969,40,ES
166.81,64.07,0,1977,35,ES
188.44,95.82,1,1947,86,ES
177.64,64.18,1,2012,40,ES
167.31,80.78,0,1998,19,ES
162.18,81.75,0,1980,97,ES
174.89,61.6,0,1984,86,ES
177.85,53.1,0,1936,62,ES
153.7,68.4,0,1940,87,ES
173.42,66.01,0,1998,45,ES
180.98,65.04,0,1966,84,ES
169.72,72.37,1,2021,77,ES
185.55,76.51,1,1985,73,ES
189.44,69.19,1,1968,87,ES
157.43,69.99,0,1964,42,ES
157.81,61.3,1,1952,89,ES
155.72,75.47,0,1964,58,ES
173.22,57.31,0,2000,72,ES
177.96,65.97,0,1984,19,ES
165.8,71.21,1,1976,55,ES
180.03,76.21,1,1986,80,ES
166.9,74.05,1,1995,65,ES
159.15,61.44,0,1954,68,ES
165.56,72.85,1,1986,19,ES
129,24.34,0,1959,8,ES
192.21,76.5,1,1940,30,ES
138.21,57.03,0,2002,80,ES
173.34,72.71,1,1941,21,ES
176.9,74.07,1,1962,77,ES
184.57,72.01,1,1992,30,ES
97.88,18.66,0,1951,1,ES
106.67,13.56,1,1938,5,ES
174.93,77.98,1,2017,60,ES
176.62,63.44,0,2021,93,ES
171.96,93.12,1,1987,82,ES
178.69,69.01,0,1976,39,ES
164.94,85.45,1,2004,39,ES
149.58,66.8,0,1993,47,ES
175.31,86.32,1,2008,29,ES
173.76,82.52,1,1956,20,ES
161.43,75.48,0,1948,81,ES
171.83,41.62,1,1927,14,ES
143.33,71.81,1,1948,35,ES
183.93,66.21,0,1965,86,ES
174.57,70.15,0,1954,95,ES
167.01,78.83,1,1931,38,ES
151.55,81.44,0,1956,67,ES
174.4,72.47,0,1932,21,ES
178.67,63.81,1,1967,94,ES
154,84.91,1,2009,60,ES
155.79,67.81,1,1962,16,ES
161.68,51.9,0,1987,29,ES
167.79,61.21,0,2022,55,ES
104.67,15.12,1,1931,4,ES
167.73,87.16,1,1943,71,ES
162.8,71.09,0,1985,29,ES
170.86,63.92,0,1967,80,ES
166.42,86.23,1,2004,83,ES
169.8,68.39,1,1929,65,ES
196.53,88.53,1,1976,97,ES
140.77,73.44,1,1989,68,ES
169.32,79.7,0,1959,79,ES
90.94,25.26,0,1973,2,ES
161.17,67.49,1,1958,15,ES
158.12,59.42,0,2019,73,ES
102.81,20.61,1,1978,1,ES
180.4,87.44,1,1940,85,ES
164.19,63.71,0,1952,66,ES
121.73,35.28,0,1985,10,ES
152.38,53.66,0,1930,83,ES
160.09,73.15,0,1964,91,ES
169.6,76.6,0,1960,74,ES
99.38,19.66,0,1957,1,ES
164.34,63.43,0,2019,30,ES
132.32,29.57,1,1945,10,ES
176.1,57.04,1,1931,67,ES
158.69,74.35,0,1944,19,ES
179.3,70.67,1,1964,89,ES
162.33,63.24,0,1931,63,ES
168.59,75.18,1,1936,85,ES
168.32,79.46,1,1979,88,ES
168.01,76.34,1,1951,29,ES
157.93,46.41,0,1990,12,ES
172.16,73.14,0,2010,56,ES
169.75,61.06,0,1935,37,ES
148.48,72.42,0,1974,58,ES
173.72,72.61,1,1938,76,ES
171.79,74.02,1,2015,71,ES
163.93,74.69,1,1986,63,ES
174.54,94.24,1,2019,89,ES
110.33,23.21,1,1963,5,ES
175.83,82.1,1,1959,100,ES
157.96,65.94,0,1984,59,ES
165.58,84.56,1,1944,76,ES
151.73,71.76,0,1982,47,ES
171.04,73.26,1,1927,29,ES
174.77,74.98,1,1983,84,ES
181.07,83.67,1,1992,89,ES
171.91,76.8,1,1928,44,ES
146.55,49.88,0,1944,13,ES
166.32,69.08,1,1926,72,ES
178.09,68.32,1,1957,42,ES
141.67,67.87,0,2019,20,ES
169.91,61.79,0,2025,38,ES
170.98,72.9,1,1981,26,ES
162.32,65.06,0,1965,18,ES
165.76,77.5,1,1926,21,ES
163.78,50.3,0,1999,69,ES
160.6,66.64,0,1996,84,ES
175.64,66.34,0,1963,35,ES
175.56,74.36,1,1994,96,ES
175.49,73.62,1,2001,89,ES
180.41,83.87,1,1948,21,ES
171.99,85.03,1,1982,31,ES
172,89.21,1,1974,41,ES
130.94,29.5,0,1981,10,ES
177.03,68.07,1,2013,97,ES
173.89,85.66,1,2024,31,ES
158.07,50.53,1,1933,15,ES
168.47,68.93,1,1935,31,ES
182.19,64.48,0,1971,55,ES
128.88,28.58,0,1998,6,ES
168.91,80.33,1,1938,67,ES
169.18,56.57,0,2020,85,ES
173.85,68.18,1,1948,95,ES
186.09,74.77,1,1944,25,ES
155.59,58.57,0,2005,48,ES
159.72,61.85,0,2024,95,ES
176.38,81.31,1,1969,86,ES
186.28,78.97,1,1985,98,ES
194.67,69.54,1,1994,33,ES
173.03,46,0,1946,40,ES
176.82,62.76,0,1955,62,ES
163.53,92.43,1,2019,44,ES
161.28,78.26,1,2025,50,ES
161.43,65.89,0,1995,63,ES
175.52,80.85,0,1933,41,ES
144.28,81.97,0,1975,64,ES
177.43,75.23,1,1926,47,ES
165.77,98.51,1,1981,37,ES
182.56,82.87,1,1978,45,ES
167.5,69.43,0,2010,73,ES
174.32,70.18,1,1956,53,ES
169.72,71.96,0,1939,20,ES
146.04,62,0,1966,26,ES
151.28,73.45,0,1965,70,ES
152.83,62.47,0,1964,45,ES
171.65,59.4,0,2007,86,ES
179.53,84.3,0,1993,52,ES
174.53,93.25,1,2013,28,ES
180.98,87.05,1,1995,72,ES
175.38,64.38,1,1927,59,ES
191.42,77.24,1,1990,41,ES
176.96,72.2,1,1940,29,ES
169.76,60.06,1,1953,17,ES
166.05,80.42,1,1949,79,ES
167.32,64.1,0,1973,77,ES
172.95,62,0,2009,49,ES
162.45,84.6,0,1959,42,ES
160.45,53.67,0,2014,27,ES
99.36,17.85,1,1992,1,ES
122.08,17.71,0,1926,9,ES
169.95,79.13,1,1989,81,ES
159.56,66.98,0,1948,93,ES
180.06,94.51,1,1953,60,ES
181.15,84.05,1,1986,97,ES
141.8,67.58,0,2025,46,ES
171.31,78.62,1,1944,81,ES
151.7,60.57,0,1943,88,ES
164.34,70.51,1,1955,55,ES
157.1,79.23,1,1971,56,ES
150.04,58.71,0,2001,39,ES
164.19,66.61,0,2000,25,ES
147.11,69.94,0,1925,86,ES
165.92,74.52,1,1929,94,ES
160.38,69.22,0,1941,21,ES
177.48,90.57,1,1959,18,ES
183.94,63.04,1,1968,90,ES
170.45,78.48,1,1943,100,ES
164.71,54.6,0,1953,52,ES
126.15,28.05,0,1968,11,ES
162.22,77.61,0,1974,29,ES
160.39,75.92,1,1933,26,ES
163,71.44,0,2015,16,ES
182.17,65.87,1,2011,80,ES
122.21,31.27,0,1989,7,ES
149.56,49.99,0,1930,66,ES
97.08,11.4,0,1956,2,ES
188.5,94.36,1,1993,77,ES
96.16,14.34,1,1985,5,ES
173.53,54.06,1,1939,15,ES
95.44,16.25,0,2009,3,ES
150.76,81.44,1,2008,21,ES
159.61,54.85,0,1961,53,ES
163.74,69.32,1,1944,39,ES
170.66,79.35,1,2014,100,ES
180.07,69.07,1,2023,49,ES
94.68,15.47,1,1959,1,ES
101.76,14.68,0,1958,1,ES
141.09,73.03,0,2017,46,ES
175.25,58.58,0,1954,68,ES
170.33,80.65,1,1961,55,ES
165.96,52.25,0,2019,47,ES
171.5,63.67,0,1996,75,ES
160.09,74.4,0,1965,96,ES
181.69,72.17,1,1955,57,ES
154.21,68.5,0,2009,26,ES
157.64,57.04,0,1934,83,ES
161.25,51.54,0,1972,15,ES
168.54,71.68,0,1990,99,ES
171.32,71.19,1,1998,54,ES
96,17.09,1,1961,5,ES
190.55,73.54,1,1932,89,ES
123.08,22.59,0,2001,9,ES
160.9,88.56,1,2004,70,ES
165.29,65.63,0,1992,72,ES
160.2,77.7,0,2007,35,ES
132.69,21.32,1,2002,6,ES
167.22,91.83,1,2006,54,ES
180.45,69.32,0,2009,38,ES
175.01,58.99,0,1983,63,ES
151.67,67.45,0,1958,79,ES
185.26,73.32,0,1975,91,ES
181.59,78.66,1,1935,50,ES
170.58,81.13,1,1989,28,ES
170.29,59.79,0,2000,95,ES
155.5,72.88,0,1939,60,ES
173.3,67.16,0,1939,97,ES
162.13,76.79,0,2013,60,ES
159.08,75.28,0,1933,54,ES
151.67,62.26,0,1982,85,ES
162.29,66.19,0,1933,68,ES
170.17,62.53,0,2022,46,ES
170.43,58.45,0,1994,71,ES
165.07,56.78,0,1994,55,ES
182.62,81.25,1,1972,47,ES
170.64,60.28,0,1993,100,ES
154.75,73.01,1,2016,57,ES
130.3,66.66,0,1958,59,ES
124.96,16.6,0,1999,6,ES
182.59,96.28,1,1925,88,ES
160.47,73.03,0,2020,93,ES
179.37,76.08,1,1945,56,ES
161.12,66.27,1,1927,24,ES
156.13,76.53,0,1999,71,ES
187.45,68.73,1,2024,89,ES
144.56,48.51,0,2008,14,ES
162,78.55,1,1929,71,ES
167.71,78.22,0,1976,79,ES
173.95,65.57,0,1993,23,ES
169.65,78.37,1,1983,18,ES
159.3,62.98,0,2003,19,ES
158.75,55.58,0,1956,85,ES
171.71,86.92,1,1953,83,ES
165.16,73.84,1,1937,74,ES
160.36,67.21,1,1988,15,ES
163.64,55.9,0,1945,13,ES
177.52,66.5,1,2000,33,ES
161.82,76.55,0,2020,18,ES
144.28,74.63,0,1998,97,ES
159.27,76.28,1,1977,75,ES
170.62,56.37,0,1931,85,ES
165.27,78.97,1,1988,61,ES
160.25,75.99,1,1951,38,ES
173.79,47.12,0,1984,17,ES
164.09,61.82,0,1934,99,ES
162.68,70.58,0,1925,77,ES
154.27,61.26,0,1939,82,ES
161,69.73,0,1926,48,ES
161.31,73.76,0,1932,80,ES
177.93,75.56,1,2010,76,ES
164.95,77.08,0,1962,67,ES
160.21,74.13,0,1935,46,ES
144.31,68.32,0,1935,21,ES
169.87,85.98,1,1932,90,ES
166.82,63.64,0,1954,67,ES
156.29,84.54,0,1954,73,ES
160.18,72.26,0,1953,21,ES
161.22,76.24,0,1949,77,ES
147.27,77.72,0,1954,89,ES
161.09,83.49,1,1929,94,ES
157.7,80.31,1,1974,79,ES
175.44,81.67,1,2004,28,ES
167.08,63.63,0,2016,91,ES
162.49,83.63,1,1980,29,ES
173.8,77.5,1,1970,48,ES
167.3,75.71,1,1994,25,ES
169.73,79.38,1,1983,68,ES
158.12,77.07,1,1939,38,ES
159.64,50.17,0,1944,73,ES
194.08,87.13,1,1928,65,ES
156.03,69.16,0,1953,44,ES
161.26,65.29,0,1939,53,ES
185.37,75.09,1,1958,99,ES
176.53,72.05,1,1940,66,ES
127.61,30.1,1,1975,8,ES
104.74,18.98,0,1929,1,ES
183.22,91.19,1,2000,72,ES
174.06,68.71,1,1943,57,ES
176.15,81.83,1,1948,62,ES
170.11,55.62,0,1965,13,ES
131.89,29.12,1,1937,6,ES
176.31,74.4,1,1987,39,ES
160.91,62.76,0,2003,61,ES
160.35,63.48,0,1941,50,ES
152.11,84.86,1,1999,62,ES
170.45,72.43,1,1990,99,ES
173.82,51.26,1,1967,44,ES
167.47,84.75,1,1974,67,ES
123.82,30.4,1,1952,11,ES
151.25,73.34,0,1976,34,ES
158.58,70.65,0,1950,70,ES
128.1,23.86,0,1982,6,ES
169.18,68.17,1,1929,62,ES
165.35,70.71,0,1928,41,ES
158.4,53.62,0,1972,69,ES
148.6,66.34,0,1954,88,ES
155.86,77.78,1,2001,29,ES
154.38,43.6,1,1947,17,ES
164.71,80.79,1,1988,50,ES
161.43,64.08,0,1968,35,ES
153.64,70.89,0,1934,27,ES
158.97,65.55,0,2000,13,ES
154.03,81.4,1,1974,51,ES
154.17,68.35,0,1958,46,ES
176.83,89.25,1,1928,100,ES
167.72,67.52,0,1974,94,ES
168.1,75.24,1,1991,40,ES
161.13,40.3,0,1931,16,ES
146.1,44.96,0,1932,96,ES
156.19,70.73,0,1940,99,ES
172.56,63.13,0,1974,95,ES
154.19,42.25,0,1931,14,ES
121.95,31.36,0,1935,11,ES
122.46,29.72,1,1977,11,ES
160.96,62.97,0,1990,100,ES
167.99,57.01,0,2014,28,ES
130.54,32.72,1,1987,10,ES
152.07,57.26,0,1976,15,ES
172.59,58.46,0,1947,95,ES
119.88,25.75,0,1980,7,ES
139.89,66.96,0,1997,45,ES
169.9,72.74,1,1962,68,ES
198.87,72.35,1,1946,66,ES
165.96,64.8,0,2011,23,ES
167.28,74.96,1,1979,58,ES
158.02,49.2,0,1984,95,ES
187.37,83.44,1,1950,37,ES
165.61,57.64,0,1942,56,ES
189.43,67.51,0,1943,98,ES
162.95,44.42,1,1944,16,ES
160.55,88.8,0,1933,27,ES
153.54,63.15,0,1974,44,ES
160.94,78.1,1,1950,19,ES
160.01,85.99,1,1938,81,ES
162.27,72.27,0,1981,74,ES
165.96,61.79,0,1998,85,ES
160.97,84.94,0,1999,78,ES
106.81,20.08,1,1931,2,ES
175.97,83.59,1,1968,95,ES
178.87,85.07,1,1967,34,ES
97.22,14.14,1,2010,4,ES
162.35,63.54,0,1971,44,ES
161.73,72.66,0,2010,43,ES
157.92,76.54,0,1950,76,ES
171.46,83.98,1,1926,88,ES
156.08,43.31,0,1944,17,ES
125.71,27.38,0,2014,10,ES
175.47,84.17,1,2001,88,ES
177.81,75.17,1,1933,50,ES
168.67,71.45,1,2020,29,ES
137.05,26.37,1,2018,10,ES
164.58,76.77,0,1962,38,ES
167.58,81.98,0,2012,34,ES
125.25,21.96,0,2003,10,ES
163.72,76.14,1,1982,42,ES
145.43,49.37,0,2011,13,ES
169.12,80.09,1,2011,51,ES
103.99,20.58,1,1987,1,ES
162.83,67.49,0,1938,89,ES
149.93,59.47,0,2014,94,ES
163.63,79.34,1,1945,29,ES
169.6,64.64,0,1977,37,ES
149.62,64.48,0,1986,22,ES
167.34,88.26,1,1987,94,ES
166.61,77.2,1,2001,20,ES
161.79,66.49,1,2004,20,ES
185.78,90.66,1,2003,43,ES
155.3,82.47,1,1927,27,ES
162.55,67.22,1,1939,99,ES
191.22,75.9,1,1962,63,ES
172.09,61.87,0,1949,82,ES
174.2,64.17,0,1970,22,ES
157.77,69,1,1963,66,ES
100.27,22.6,1,1988,1,ES
139.21,78.34,0,1984,79,ES
166.45,48.18,1,2023,17,ES
168.6,78.9,1,1970,58,ES
168.87,82.28,1,2002,18,ES
162.69,77.07,0,2015,92,ES
162.82,77.86,1,2020,83,ES
178.76,84.8,1,1948,21,ES
169.19,81.61,1,2006,74,ES
171.09,66.85,1,1947,59,ES
163.22,78.08,1,1935,70,ES
147.05,67.64,0,1933,64,ES
165.39,78.98,1,1991,78,ES
157.98,70.65,0,1990,65,ES
176.72,80.18,1,1934,42,ES
180,69.29,1,1959,72,ES
174.06,61.67,0,1970,61,ES
149.52,77.04,0,1949,95,ES
169.22,76.9,1,2017,23,ES
164.21,85.36,1,1984,88,ES
181.42,92.07,1,1988,85,ES
150.7,65.94,0,2007,31,ES
146.34,58.85,1,1947,15,ES
180.43,54.96,0,1980,60,ES
172.32,81.03,1,1951,95,ES
183.84,73.31,0,2020,100,ES
98.88,18.09,0,1936,2,ES
154.36,59.05,0,1932,24,ES
173.15,69.31,0,1984,98,ES
160.38,72.47,0,2010,27,ES
169.35,72.84,0,2023,30,ES
149.81,74.69,0,1956,45,ES
168.38,81.79,1,1931,42,ES
164.08,82.12,1,2001,50,ES
164.98,74.4,1,2005,52,ES
144.87,67.26,0,1987,98,ES
174.67,77.14,1,2008,64,ES
154.96,48.75,1,2016,16,ES
166.97,62.37,0,1965,73,ES
164.2,93.33,1,1950,100,ES
162.71,77.08,1,1976,76,ES
153.22,71.03,0,2011,70,ES
156.41,75.92,0,1977,83,ES
172.89,77.74,1,1989,91,ES
144.24,70.42,0,2021,33,ES
130.45,31.47,0,1989,8,ES
159.29,65.91,0,1959,76,ES
177.37,87.06,1,1985,73,ES
160.55,56.65,0,1969,38,ES
164.13,97.49,1,1985,62,ES
163.31,62.52,0,2005,83,ES
162.11,68.55,0,2023,83,ES
192.56,87.94,1,1950,49,ES
165.11,70.47,1,1928,35,ES
148.67,64.73,0,1982,39,ES
183.81,86.53,1,2021,30,ES
149.11,65.94,0,2009,25,ES
181.26,84.21,0,1953,98,ES
181.89,75.01,1,1937,30,ES
154.25,72.31,0,2009,63,ES
163.9,73.44,0,1942,49,ES
147.09,67.74,0,1930,37,ES
168.54,83.62,0,2022,71,ES
175.6,73.33,0,2013,79,ES
185.6,56.82,0,1940,60,ES
154.94,73.39,0,1961,60,ES
191.18,78.5,1,2023,53,ES
165.64,74.16,0,1949,96,ES
160.32,70.65,1,1974,68,ES
165.71,61.37,0,2007,17,ES
144.87,93.59,1,1986,92,ES
172.11,86.92,1,1946,25,ES
103.87,12.42,0,1990,1,ES
91.82,9.83,0,2003,3,ES
128.56,38.61,1,2022,10,ES
164.71,79.54,0,2000,39,ES
173.1,65.51,1,1978,42,ES
142.87,58.85,0,1991,38,ES
162.69,77.35,1,1973,33,ES
151.53,65.08,0,1953,43,ES
163.01,78.14,0,1927,19,ES
171.38,81.87,1,2006,33,ES
163.91,64.9,0,1977,47,ES
151.76,47.3,0,1956,19,ES
171.88,74.5,1,1988,74,ES
171.35,75.31,1,1997,86,ES
153.54,55.54,0,1964,42,ES
162.17,58.34,0,1978,100,ES
128.6,30.26,0,2005,8,ES
172.11,84.38,1,1941,95,ES
95.2,19.83,0,1971,4,ES
189.52,77.5,1,1925,50,ES
166.3,62.09,0,1933,15,ES
163.57,63.34,0,1943,82,ES
169.73,80.5,1,2023,18,ES
91.13,16.63,0,1994,4,ES
166.11,60.27,0,2007,70,ES
168.96,73.23,0,1995,100,ES
170.98,73.81,0,1929,60,ES
167.79,83.22,1,1977,36,ES
180.96,67.56,0,2024,31,ES
99.39,14.17,1,2017,3,ES
148.58,63.72,0,1935,27,ES
175.71,60.89,0,1944,66,ES
168.89,58.87,0,2020,30,ES
170.26,62.86,0,1937,84,ES
165.65,76.63,1,2004,32,ES
103.74,18.91,1,1968,5,ES
172.42,75.14,1,1953,84,ES
96.57,16.3,0,1938,5,ES
153.47,53.49,0,1965,74,ES
177.1,77.35,1,1956,98,ES
170.35,65.26,0,1928,64,ES
148.28,65.89,0,1940,78,ES
149.42,72.54,0,1986,68,ES
153.53,82.27,0,1952,56,ES
161.91,66.35,0,2009,64,ES
156.19,64.07,0,1930,77,ES
172.51,58.1,0,1925,16,ES
171.78,92.4,1,1997,44,ES
174.18,80.22,1,1999,22,ES
172.47,62.76,1,2018,96,ES
163,61.31,0,1970,96,ES
168.77,68.55,1,1971,53,ES
180.86,71.46,1,2015,51,ES
172.89,76.37,1,1999,41,ES
172.61,85.85,1,1962,91,ES
175.61,78.25,1,1931,27,ES
160.53,69.53,0,1995,41,ES
187.76,83.89,1,1937,37,ES
169.31,69.13,1,2013,44,ES
140.85,71.71,0,1987,64,ES
154.6,67.12,0,1944,53,ES
176.77,69.96,1,1981,88,ES
156.81,87.43,1,1927,94,ES
154.14,78.44,0,1936,74,ES
176.26,64.13,1,1995,96,ES
163.32,76.51,1,1983,49,ES
155.59,65.58,0,1998,18,ES
162.89,69.72,0,1961,16,ES
163.33,71.28,0,1959,72,ES
175.33,77.96,1,1943,29,ES
125.38,34.26,1,2025,11,ES
160.84,81.08,1,1943,28,ES
130.81,36.39,1,2005,9,ES
156.84,61.91,0,2001,96,ES
165.76,53.87,1,1940,12,ES
169.17,71.55,1,2001,40,ES
170.31,65.16,1,1984,28,ES
169.12,56.35,1,1954,15,ES
168.35,77.39,0,1970,19,ES
136.34,33.24,1,2006,8,ES
164.75,68,1,1946,35,ES
172.82,82.51,1,1976,92,ES
168.4,78.53,1,1937,50,ES
174.7,69.76,1,1978,75,ES
167.71,77.47,0,1968,28,ES
167.3,75.64,1,1959,28,ES
167.41,77.43,1,1926,53,ES
166.87,85.27,1,1980,84,ES
174.34,68.12,0,1974,52,ES
166.12,70.35,1,2002,47,ES
193.77,60.82,1,1956,42,ES
161.84,49.74,0,1956,12,ES
181.43,77.21,1,1928,56,ES
182.34,87.35,1,1941,80,ES
123.81,23.35,0,1951,10,ES
148.73,86.37,1,2002,78,ES
147.69,54.32,0,1935,88,ES
163.41,74.04,1,1981,82,ES
170.25,79.77,0,1950,52,ES
178.84,73.97,1,1992,61,ES
154.08,53.89,0,1965,59,ES
144.02,74.08,0,2004,86,ES
160.78,50.98,0,1958,83,ES
183.65,61.23,1,1964,89,ES
153.44,63.21,0,1962,94,ES
166.54,63.93,0,1964,25,ES
152.25,51.49,0,1975,44,ES
153.83,62.65,0,1972,95,ES
171.37,79.41,1,1948,73,ES
139.26,58.76,0,1932,23,ES
180.85,74.6,0,1972,89,ES
97.82,18.94,0,1984,5,ES
98.65,21.03,0,1954,5,ES
159.42,63.9,0,1957,95,ES
177.69,82.48,1,1975,60,ES
127.88,35.91,0,2025,6,ES
155.71,78.64,0,1987,43,ES
155.72,72.79,0,1978,90,ES
133.24,27.02,1,1957,7,ES
155.52,68.43,0,1931,73,ES
135.06,33.22,1,1932,9,ES
175.02,105.34,1,1944,25,ES
161.61,83.53,1,1983,45,ES
161.76,77.27,1,1936,64,ES
156.99,72.24,0,1927,91,ES
168.44,86.06,1,1958,65,ES
142.64,63.16,0,2009,83,ES
160.24,60.26,0,1939,68,ES
160.27,87.59,1,1942,63,ES
154.53,64.16,1,1990,51,ES
159.45,60.59,0,2013,46,ES
170.84,75.29,1,1971,28,ES
171.97,70.29,0,1929,27,ES
150.94,60.51,0,1976,69,ES
179.66,64.94,0,1997,72,ES
108.24,19.69,1,1940,5,ES
95.37,9.22,1,1928,1,ES
162.23,59.39,0,1928,44,ES
163.74,51.62,0,1980,16,ES
164.56,76.07,0,1963,56,ES
163.95,63.2,1,2003,75,ES
175.92,83.63,1,1944,38,ES
175.05,71.09,0,1962,63,ES
183.34,91.96,1,1954,78,ES
152.75,82.19,1,2013,74,ES
156.98,64.28,0,1955,97,ES
174.69,81.33,1,1964,53,ES
168.46,84.98,1,1966,79,ES
164.85,45.32,0,1935,15,ES
186.96,80.17,1,1958,44,ES
171.21,70.79,1,1938,39,ES
161.02,55.59,1,2003,14,ES
154.88,69.28,0,1991,64,ES
101.71,23.21,1,1950,3,ES
160.59,62.32,0,1933,52,ES
119.83,37.28,0,1975,8,ES
182.56,71.01,1,1967,47,ES
202.7,60.51,0,1984,44,ES
170.72,57.08,0,1999,42,ES
165.12,70.24,0,1940,83,ES
173.57,66.21,0,2008,49,ES
183.64,78.54,1,1931,35,ES
161.8,50.23,0,2019,94,ES
162.11,62.46,0,2023,18,ES
171.26,74.97,0,1935,68,ES
176.47,66.26,1,1925,69,ES
152.05,54.46,0,1984,46,ES
136.5,73.43,0,1946,59,ES
171.7,54.61,1,1982,14,UAE
170.23,86.23,1,1939,59,UAE
196.01,64.69,0,1980,78,UAE
127.87,35.22,1,1937,6,UAE
185.72,76.66,0,1969,83,UAE
158.1,70.69,1,2010,64,UAE
124.44,28.76,0,1987,10,UAE
162.27,72.5,0,2000,98,UAE
157.3,63.59,1,2001,47,UAE
172.21,66.86,0,1932,46,UAE
196.23,69.15,1,1932,50,UAE
194.81,69.99,0,1970,69,UAE
174.84,74.55,1,2025,52,UAE
152.46,72.47,1,1998,53,UAE
149.29,66.63,1,1958,44,UAE
163.93,70.42,1,1933,64,UAE
189.65,77.98,1,2000,49,UAE
158.51,60.06,0,1931,84,UAE
191.9,78.12,1,1927,99,UAE
157.81,46.95,1,1925,12,UAE
156.51,59.5,0,2000,87,UAE
145.39,70.88,0,2001,41,UAE
160.21,71.7,1,2024,50,UAE
180.11,69.56,1,1999,91,UAE
152.74,89.09,1,1997,52,UAE
148.02,71.84,0,1955,87,UAE
160.7,76.76,0,1952,94,UAE
112.43,39.88,0,1929,10,UAE
184.37,65.22,1,2005,69,UAE
126.03,27.86,1,1962,10,UAE
190.98,54.66,1,2005,97,UAE
174.35,73.27,1,1975,52,UAE
141.22,74.1,0,1976,20,UAE
175.77,77.08,1,2024,95,UAE
182.56,88.61,1,1990,89,UAE
167.44,61.17,0,1991,76,UAE
163.65,70.4,1,2013,65,UAE
167.74,63.01,1,1977,63,UAE
183.02,50.53,1,1945,14,UAE
153.49,56.8,0,2011,56,UAE
143.77,59.21,0,2007,61,UAE
175.33,45.89,0,1977,81,UAE
149.1,60.54,0,1959,75,UAE
161.94,71.39,0,1990,53,UAE
153.52,55.5,0,1948,45,UAE
177.06,76.58,1,1996,94,UAE
158.38,74.64,1,1935,24,UAE
177.65,61.39,0,1944,80,UAE
164.29,54.15,0,1931,19,UAE
175.87,70.75,0,1926,62,UAE
161.97,69.17,0,2025,51,UAE
170.47,65.81,1,1962,60,UAE
106.89,20.58,1,2002,4,UAE
159.46,69.67,1,1936,48,UAE
166.12,82,1,2000,89,UAE
194.04,85.18,1,1963,97,UAE
154.28,58.1,1,1991,16,UAE
103.03,15.13,1,1983,1,UAE
152.71,76.06,1,1943,85,UAE
167.3,58.73,0,1939,62,UAE
126.14,34.63,1,1959,9,UAE
103.58,24.43,1,1969,4,UAE
153.02,77.26,1,1957,49,UAE
158.95,70.83,0,1937,28,UAE
160.13,83.26,0,1993,24,UAE
165.56,81.76,1,1985,76,UAE
153.19,82.48,1,1983,90,UAE
183.91,72.64,0,1938,35,UAE
165.89,67.2,1,1998,36,UAE
168.6,61.6,1,2006,85,UAE
163.86,51.05,0,1944,96,UAE
176.22,75.23,1,2007,85,UAE
167.93,67.51,1,2020,20,UAE
171.03,76.34,1,1932,38,UAE
133.97,34.08,1,1937,11,UAE
153.63,50.04,0,1925,98,UAE
133.56,69.01,0,1962,93,UAE
188.95,71.56,1,2004,99,UAE
139.87,62.5,0,1929,12,UAE
148.24,45.83,0,1947,16,UAE
173.5,58.05,0,1940,33,UAE
163.39,72.06,1,1937,18,UAE
183.01,75.47,0,1988,56,UAE
132.2,26.79,1,1969,8,UAE
104.16,19.24,0,1976,1,UAE
165.02,67.7,0,2018,26,UAE
169.63,82,1,2016,55,UAE
163.46,75.55,1,2015,74,UAE
169.79,77.1,1,2018,43,UAE
182.63,70.22,1,2022,19,UAE
175.83,63.94,1,1932,37,UAE
106.23,10.42,1,1965,2,UAE
131.71,23.03,1,1982,10,UAE
157.03,78.83,0,1997,73,UAE
175.41,84.82,1,2000,100,UAE
200.75,76.58,1,2017,49,UAE
144.67,83.26,1,2011,25,UAE
170.94,70.11,1,2002,34,UAE
180.96,59.41,1,1963,100,UAE
165.1,72.71,1,1935,34,UAE
170.82,59.26,0,2023,54,UAE
178.27,73.92,1,2012,38,UAE
168.16,60.6,0,1960,51,UAE
160.05,47.79,1,2025,15,UAE
171.61,84.83,1,2022,58,UAE
196.25,81.1,1,1989,74,UAE
126.48,37.11,1,1926,9,UAE
158.47,82.17,1,1977,99,UAE
184.79,74.66,1,1927,35,UAE
176.16,80.14,1,1988,46,UAE
176.22,74.75,1,1952,25,UAE
111.32,26.93,0,1979,9,UAE
129.54,38.14,1,1940,6,UAE
169.67,52.94,0,1939,43,UAE
137.08,76.96,1,1969,97,UAE
189.09,63.33,1,2000,77,UAE
162.73,76.56,1,1987,98,UAE
195.91,76.77,1,1993,58,UAE
186.65,76.6,1,1981,50,UAE
125.11,70.02,0,1982,44,UAE
156.9,70.53,1,2009,64,UAE
192.74,55.13,1,1999,97,UAE
111.36,20.63,0,1957,4,UAE
167.23,56.11,0,1991,71,UAE
199.78,77.91,1,1995,25,UAE
183.53,93.26,1,1979,98,UAE
181.37,82.09,1,2021,71,UAE
190.35,62.06,0,1994,42,UAE
149.64,50.46,0,2023,15,UAE
128.41,31.71,1,1994,6,UAE
162.09,55.52,0,1937,76,UAE
164.36,67.01,0,2014,67,UAE
182.5,80.03,1,1990,51,UAE
191.38,75.89,0,1940,26,UAE
131.67,28.54,1,2018,11,UAE
158.47,65.84,0,1946,67,UAE
192.64,70.77,1,1964,93,UAE
162.92,46.8,1,1992,14,UAE
177.27,86.63,1,2008,90,UAE
134.88,38.42,1,2003,9,UAE
147.76,59.38,1,2001,68,UAE
200.78,64.24,1,1932,85,UAE
143.96,61.47,0,1988,100,UAE
177.6,85.82,1,1943,80,UAE
189.73,65.38,1,1932,62,UAE
154.42,86.59,1,1998,52,UAE
150.91,74.72,0,1973,37,UAE
159.19,61.46,0,1977,30,UAE
129.54,30.03,1,1951,11,UAE
184.78,66.75,0,1997,55,UAE
157.16,84.71,1,1967,65,UAE
152.15,74.56,0,2002,69,UAE
182.86,57.85,1,1943,46,UAE
188.4,107.36,1,1946,81,UAE
108.08,23.97,0,2009,9,UAE
195.69,70.31,1,1998,71,UAE
167.89,84.81,1,2011,54,UAE
156.75,75.78,0,1995,56,UAE
166.77,69.36,1,1961,64,UAE
161.81,74.09,1,1964,46,UAE
130.49,25.93,1,2024,11,UAE
157.07,69.43,0,1929,22,UAE
175.13,82.26,1,1998,18,UAE
177.97,92.25,1,1980,18,UAE
189.24,77.34,1,2006,100,UAE
161.38,73.05,1,1995,81,UAE
164.21,67.12,0,2009,80,UAE
179.89,63.69,0,1965,91,UAE
176.44,77.64,1,1953,63,UAE
157.01,62.88,0,1964,34,UAE
120.34,16.18,0,1934,7,UAE
166.02,76.88,1,2009,91,UAE
163.65,72.58,0,1942,50,UAE
186.11,84.35,1,1971,51,UAE
157.66,52.82,0,1958,13,UAE
176.91,71.81,1,1926,49,UAE
153.05,50.17,0,2008,14,UAE
159.47,49.76,0,2017,33,UAE
152.27,66.1,0,2005,72,UAE
170.81,40,0,1979,16,UAE
156.41,76.99,1,1994,61,UAE
172.47,57.14,0,1951,73,UAE
173.67,63.93,0,2024,78,UAE
156.81,58.74,1,1926,12,UAE
126.95,70.31,0,1974,50,UAE
129.5,30.81,1,1978,6,UAE
173.14,73.53,1,1957,21,UAE
176.69,66.18,1,1988,76,UAE
195.29,82.72,1,1980,93,UAE
167.56,45.42,1,1978,15,UAE
173.57,61.7,1,1979,37,UAE
155.48,86.45,1,2005,39,UAE
157.98,66.59,1,2021,39,UAE
165.55,64.4,1,1980,33,UAE
161.99,68.44,0,1988,61,UAE
103.88,13.95,1,2022,2,UAE
166.24,70.41,1,2002,39,UAE
165.49,68.67,1,2020,37,UAE
181.25,81.48,1,1987,41,UAE
157.84,80.28,0,2006,40,UAE
188.01,76.09,1,2016,87,UAE
175.55,61.81,1,1990,100,UAE
149.36,79.19,0,2008,38,UAE
141.29,76.57,0,1960,54,UAE
166.02,77.2,1,1987,68,UAE
159.57,79.13,1,1985,20,UAE
183.82,62.57,1,1940,74,UAE
142.05,68.95,0,2017,39,UAE
175.16,63.82,0,1992,34,UAE
161.49,82.53,0,1936,44,UAE
174.68,69.2,1,2003,29,UAE
211.58,75.15,1,1927,50,UAE
173.73,76.37,1,1926,90,UAE
194.93,79.39,1,1964,69,UAE
186.83,81.84,1,1953,98,UAE
152.92,65.3,0,1947,86,UAE
176.76,79.24,1,1932,100,UAE
154.83,69.51,1,1998,58,UAE
104.9,22.94,1,1969,1,UAE
150.23,74.4,0,2024,100,UAE
177.8,77.88,1,2020,84,UAE
142.28,85.29,1,2009,18,UAE
174.45,66.38,1,1934,27,UAE
146.69,85.05,1,1974,85,UAE
184.74,62.19,1,1935,30,UAE
177.91,84.64,1,1949,22,UAE
173.57,78.06,1,1975,98,UAE
154.5,74.75,0,2004,76,UAE
168.35,104.71,1,1957,80,UAE
112.52,30.03,0,1994,9,UAE
103.91,14.41,0,1987,5,UAE
157.97,50.08,1,2015,13,UAE
185.25,87.3,1,1956,68,UAE
155.01,45.68,0,2013,13,UAE
172.89,64.06,0,1980,23,UAE
181.93,55.5,0,1950,82,UAE
146.52,65.15,0,2017,49,UAE
152.45,76.25,1,1930,36,UAE
174.33,75.72,1,1956,43,UAE
127.32,34.6,0,1941,11,UAE
107.11,25.99,1,1927,1,UAE
188.78,76.78,1,1967,76,UAE
170.41,78.91,1,1977,20,UAE
168.13,52.72,0,1962,80,UAE
169.47,73.37,1,2007,63,UAE
175.53,55.44,1,1986,54,UAE
159.4,71.38,1,1976,82,UAE
163.7,51.26,0,1976,90,UAE
154.28,76.1,1,2018,54,UAE
174.63,78.67,1,1995,59,UAE
141.96,72.65,1,1945,93,UAE
176.94,82.05,1,1926,44,UAE
168.27,71.27,1,1929,20,UAE
108.88,21.28,0,2011,4,UAE
138.57,62.3,0,1988,68,UAE
175.82,57.57,1,1955,14,UAE
180.84,66.04,1,1925,44,UAE
131.98,26.25,1,1974,7,UAE
169.56,62.49,0,1971,60,UAE
127.72,22.49,1,2024,11,UAE
131.92,36.77,1,1949,9,UAE
163.61,86.63,1,1971,22,UAE
167.97,83.51,1,1995,96,UAE
167.5,82.93,1,1953,60,UAE
134.84,63.81,0,1961,49,UAE
98.31,17.41,1,1943,4,UAE
164.69,78.86,0,1994,49,UAE
181.18,65.19,1,2003,15,UAE
133.66,58.64,0,1939,31,UAE
148.66,64.99,0,2020,97,UAE
167.87,82.38,1,1998,65,UAE
162.97,74.46,1,1971,51,UAE
179.58,77.56,1,2025,50,UAE
162.5,68.97,1,1983,35,UAE
174.8,66.79,1,1947,29,UAE
169.8,58.89,0,1950,50,UAE
196.06,71.35,1,2019,95,UAE
165.54,65.28,1,1972,100,UAE
164.19,72.06,0,1952,21,UAE
165.07,72.17,1,2023,72,UAE
170.16,74,0,1999,92,UAE
129.76,38.4,1,1992,10,UAE
179.75,76.07,1,1994,53,UAE
150.25,85.19,1,1926,48,UAE
128.97,57.59,0,1934,40,UAE
159.69,79.19,1,1995,91,UAE
153.57,81.01,1,1962,25,UAE
152.78,65.32,0,1969,82,UAE
162.52,89.89,1,1943,67,UAE
135.43,54.93,0,2023,48,UAE
132.1,27.18,1,1964,9,UAE
172.41,71.88,1,1958,33,UAE
136.76,62.89,0,1941,35,UAE
178.81,63.1,1,2025,50,UAE
140.57,60.15,0,1991,69,UAE
166.24,76.34,1,1985,27,UAE
126.4,39.45,1,1937,11,UAE
169.21,74.92,1,1980,45,UAE
171.3,78.11,1,2013,23,UAE
146.57,86.31,1,1927,76,UAE
139.68,61,0,1934,47,UAE
148.37,63.05,1,1941,15,UAE
204.07,85.49,1,2009,98,UAE
161.2,85.03,1,1929,94,UAE
179.18,74.71,1,2012,98,UAE
176.24,83.43,0,1969,80,UAE
196.8,74.95,1,1986,96,UAE
187.32,65.31,0,1952,33,UAE
169.64,72.46,0,1960,81,UAE
166.95,57.72,0,1973,28,UAE
176.36,58.06,1,1952,71,UAE
159.12,65.65,1,2013,70,UAE
160.25,69.53,0,1955,29,UAE
136.47,74.79,1,1988,86,UAE
177.29,40.17,0,1959,45,UAE
132.24,26.55,0,2009,8,UAE
168.43,71.32,1,1986,41,UAE
160.49,52.39,0,1933,12,UAE
165.29,64.33,1,1970,24,UAE
168.74,75.63,0,2015,66,UAE
164.87,75.13,1,1928,94,UAE
209.2,83.87,1,2018,44,UAE
178.91,67.78,1,1972,68,UAE
180.07,59.74,0,1990,18,UAE
168.29,56.6,1,1989,15,UAE
169.54,70.8,1,1932,76,UAE
172,62.5,1,2022,21,UAE
179.17,71.9,0,2002,41,UAE
196.42,71.26,1,1934,56,UAE
169.78,62.05,1,1932,58,UAE
170.73,54.04,0,2015,18,UAE
188.09,94.02,1,1985,44,UAE
173.16,89.4,1,1925,35,UAE
171.76,80.42,0,1934,65,UAE
108.75,11.69,0,2002,4,UAE
168.89,69.03,0,1932,43,UAE
143.86,82.24,1,1983,95,UAE
147.69,42.66,0,1927,24,UAE
158.45,69.28,1,1977,85,UAE
199.27,76.24,1,1927,94,UAE
189.58,65.98,1,1952,58,UAE
186.75,77.92,1,1986,32,UAE
150.03,81.93,1,1999,19,UAE
159.03,81.04,1,2022,100,UAE
178.93,78.41,1,2010,93,UAE
180.22,81.07,1,1959,81,UAE
155.31,83.03,0,2024,82,UAE
131.49,34.88,1,1968,6,UAE
180.49,70.91,1,1931,43,UAE
207.77,75.89,1,2023,72,UAE
165.08,53.42,0,1933,78,UAE
151.86,71.01,0,1944,50,UAE
173.99,54.37,0,1985,93,UAE
170.77,68.25,1,1964,59,UAE
146.33,76.15,0,1952,38,UAE
197.31,64.55,1,1997,41,UAE
171.65,71.5,1,1955,60,UAE
170.25,46.01,0,1935,40,UAE
177.42,62.25,1,1938,50,UAE
184.43,65.82,1,2023,87,UAE
154.14,64.02,0,1939,19,UAE
214.51,60.5,1,1943,66,UAE
152.71,79.59,1,1957,71,UAE
181.08,73.85,0,1942,18,UAE
160.19,80.9,0,1958,38,UAE
143.71,64.78,0,2022,19,UAE
185.18,74.98,1,1969,40,UAE
180.95,88.27,1,1977,35,UAE
170.12,70.63,0,1947,86,UAE
178.28,57.84,1,2012,40,UAE
149.92,79.61,1,1998,19,UAE
183.53,65.4,1,1980,97,UAE
180.99,74.42,1,1984,86,UAE
179.68,81.21,1,1936,62,UAE
167.18,81.84,1,1940,87,UAE
163.75,76.31,1,1998,45,UAE
162.94,79.19,1,1966,84,UAE
166.63,68.25,1,2021,77,UAE
189.65,72.88,1,1985,73,UAE
192.09,65.32,0,1968,87,UAE
201.18,84.61,1,1964,42,UAE
144.21,75.02,0,1952,89,UAE
184.8,80.79,1,1964,58,UAE
197.47,75.16,1,2000,72,UAE
174.35,67.15,1,1984,19,UAE
161.38,67.28,1,1976,55,UAE
159.71,68.35,0,1986,80,UAE
165.22,62.51,0,1995,65,UAE
187.14,87.55,1,1954,68,UAE
159.66,66.6,0,1986,19,UAE
136.2,23.98,1,1959,8,UAE
146.77,66.1,0,1940,30,UAE
173.57,67.27,1,2002,80,UAE
185.02,52.8,0,1941,21,UAE
146.91,56.33,0,1962,77,UAE
190.48,68.98,1,1992,30,UAE
102.85,20.53,1,1951,1,UAE
114.66,14.82,0,1938,5,UAE
184.34,71.93,0,2017,60,UAE
158.25,67.24,1,2021,93,UAE
147.59,62.9,0,1987,82,UAE
156.03,68.54,1,1976,39,UAE
143.87,60.41,0,2004,39,UAE
172.05,78.07,1,1993,47,UAE
173.77,60.97,0,2008,29,UAE
144.91,71.28,0,1956,20,UAE
164.02,72.33,1,1948,81,UAE
144.83,47.11,0,1927,14,UAE
144.66,68.31,0,1948,35,UAE
165.53,78.47,1,1965,86,UAE
158.96,97.04,1,1954,95,UAE
163.9,77.32,1,1931,38,UAE
170.67,93.77,1,1956,67,UAE
169.6,83.09,1,1932,21,UAE
164.44,67.45,0,1967,94,UAE
154.21,51.78,0,2009,60,UAE
153.56,59.8,0,1962,16,UAE
177.55,81.94,1,1987,29,UAE
151.89,85.85,1,2022,55,UAE
103.52,28.99,0,1931,4,UAE
183.64,78.57,0,1943,71,UAE
201.71,92.32,1,1985,29,UAE
196.83,79.94,1,1967,80,UAE
162.52,86.21,1,2004,83,UAE
167.3,63.7,1,1929,65,UAE
166.31,55.2,0,1976,97,UAE
141.36,42.55,0,1989,68,UAE
174.8,94.95,1,1959,79,UAE
104.49,18.26,1,1973,2,UAE
154.55,69.6,1,1958,15,UAE
174.68,65.96,1,2019,73,UAE
115.93,25.79,0,1978,1,UAE
179.81,69.25,0,1940,85,UAE
186.42,72.47,1,1952,66,UAE
123.98,29.22,1,1985,10,UAE
158.05,58.22,1,1930,83,UAE
162.56,73.42,1,1964,91,UAE
167.12,70.6,1,1960,74,UAE
103.03,20.35,1,1957,1,UAE
170.81,90.51,1,2019,30,UAE
119,37.13,0,1945,10,UAE
168.77,79.7,0,1931,67,UAE
169.9,74.45,1,1944,19,UAE
147.25,46.75,0,1964,89,UAE
164.52,88.13,1,1931,63,UAE
166.2,72.7,1,1936,85,UAE
164.5,77.08,1,1979,88,UAE
165.35,74.18,1,1951,29,UAE
172.06,55.03,1,1990,12,UAE
187.32,80.79,1,2010,56,UAE
151.37,76.28,1,1935,37,UAE
195.17,59.11,1,1974,58,UAE
159,75.24,0,1938,76,UAE
173.77,59.49,0,2015,71,UAE
143.87,65.01,0,1986,63,UAE
175.36,96.71,1,2019,89,UAE
114.73,26.22,0,1963,5,UAE
159.68,68.59,0,1959,100,UAE
150.7,78.35,1,1984,59,UAE
138.93,74.8,0,1944,76,UAE
157.46,81.36,1,1982,47,UAE
145.6,55.42,0,1927,29,UAE
163.8,84.65,0,1983,84,UAE
154.8,65.08,0,1992,89,UAE
154.94,69.26,0,1928,44,UAE
158.72,55.49,1,1944,13,UAE
155.53,48.32,0,1926,72,UAE
180.36,64.07,1,1957,42,UAE
179.96,86.03,1,2019,20,UAE
176.2,66.49,1,2025,38,UAE
170.27,70.22,1,1981,26,UAE
160.68,81.48,1,1965,18,UAE
161.55,75.3,1,1926,21,UAE
180.4,71.03,1,1999,69,UAE
111.81,85.75,1,1996,84,UAE
160.49,88.09,1,1963,35,UAE
164.21,56.71,0,1994,96,UAE
123.31,88.62,0,2001,89,UAE
129.71,65.47,0,1948,21,UAE
172.39,64.94,0,1982,31,UAE
169.13,88.6,1,1974,41,UAE
131.45,31.05,1,1981,10,UAE
177.69,62.95,1,2013,97,UAE
164.23,58.99,0,2024,31,UAE
155.83,46.49,0,1933,15,UAE
166.31,65.12,1,1935,31,UAE
178.27,81.74,1,1971,55,UAE
130.17,35.29,1,1998,6,UAE
160.15,67.47,0,1938,67,UAE
177.25,69.55,1,2020,85,UAE
140.02,73.1,0,1948,95,UAE
190.13,70.46,1,1944,25,UAE
177.35,76.76,1,2005,48,UAE
158.7,59.21,1,2024,95,UAE
148.44,86.9,0,1969,86,UAE
191.24,76.32,1,1985,98,UAE
150.4,66.02,0,1994,33,UAE
167.32,69.97,1,1946,40,UAE
183.63,81.33,1,1955,62,UAE
183.19,71.35,0,2019,44,UAE
141.5,79.4,0,2025,50,UAE
175.19,93.94,1,1995,63,UAE
186.62,69.13,1,1933,41,UAE
172.62,71.76,1,1975,64,UAE
153.42,61.04,0,1926,47,UAE
177.91,57.61,0,1981,37,UAE
135.02,74.9,0,1978,45,UAE
156.3,77.95,1,2010,73,UAE
147.55,60.01,0,1956,53,UAE
165.13,73.62,1,1939,20,UAE
177.57,101.56,1,1966,26,UAE
145.99,38.77,1,1965,70,UAE
182.91,84.71,1,1964,45,UAE
170.34,68.3,1,2007,86,UAE
161.99,88.21,1,1993,52,UAE
150.06,61.11,0,2013,28,UAE
155.95,62.21,0,1995,72,UAE
146.59,65.69,0,1927,59,UAE
181.12,54.96,0,1990,41,UAE
163.24,40.84,0,1940,29,UAE
157.17,46.59,0,1953,17,UAE
168.62,77.58,0,1949,79,UAE
166.81,72.11,1,1973,77,UAE
177.45,92.88,1,2009,49,UAE
164.35,78.01,1,1959,42,UAE
157.52,75.45,1,2014,27,UAE
104.4,18.85,1,1992,1,UAE
128.47,30.56,1,1926,9,UAE
173.84,74.49,0,1989,81,UAE
187.9,92.9,1,1948,93,UAE
159.19,74.79,0,1953,60,UAE
161.05,73.2,0,1986,97,UAE
180,62.88,1,2025,46,UAE
103.42,74.02,0,1944,81,UAE
178.97,71.81,1,1943,88,UAE
146.39,81.72,0,1955,55,UAE
147.92,76.99,1,1971,56,UAE
164.91,66.41,1,2001,39,UAE
201.44,87.42,1,2000,25,UAE
163.04,60.82,1,1925,86,UAE
160.52,70.63,1,1929,94,UAE
198.83,75.53,1,1941,21,UAE
153.83,60.66,0,1959,18,UAE
177.82,64.96,0,1968,90,UAE
168.3,76.31,1,1943,100,UAE
186.82,82.94,1,1953,52,UAE
128.64,33.09,1,1968,11,UAE
143.26,68.69,1,1974,29,UAE
183.1,52.72,0,1933,26,UAE
155.02,55.31,1,2015,16,UAE
159.73,47.74,0,2011,80,UAE
132.44,36.61,1,1989,7,UAE
160.52,62.1,1,1930,66,UAE
105.98,16.87,1,1956,2,UAE
195.13,95.99,1,1993,77,UAE
105.82,15.28,0,1985,5,UAE
164.24,59.21,0,1939,15,UAE
103.24,24.53,1,2009,3,UAE
180.66,61.67,0,2008,21,UAE
148.53,69.29,1,1961,53,UAE
162.59,59.76,0,1944,39,UAE
166.66,75.37,0,2014,100,UAE
157.11,70.38,0,2023,49,UAE
108.68,26.32,0,1959,1,UAE
107.92,16.15,1,1958,1,UAE
165.67,81.48,1,2017,46,UAE
177.97,75.54,1,1954,68,UAE
140.55,69.37,0,1961,55,UAE
189.27,69.62,1,2019,47,UAE
190.41,85.38,1,1996,75,UAE
183.04,78.22,1,1965,96,UAE
121.66,67.95,0,1955,57,UAE
174.9,83.76,1,2009,26,UAE
167.85,86.22,1,1934,83,UAE
160.84,63.02,1,1972,15,UAE
161.85,77.91,1,1990,99,UAE
141.28,68.55,0,1998,54,UAE
103.02,16.39,0,1961,5,UAE
159.23,73.53,0,1932,89,UAE
135.07,36.04,1,2001,9,UAE
153.28,88.4,1,2004,70,UAE
166.93,75.7,1,1992,72,UAE
170.21,78.37,1,2007,35,UAE
126.2,28.53,0,2002,6,UAE
159.34,57.12,0,2006,54,UAE
183.23,84.4,1,2009,38,UAE
147.93,73.61,1,1983,63,UAE
179.18,75.04,1,1958,79,UAE
146.93,91.77,1,1975,91,UAE
187.19,74.9,0,1935,50,UAE
168.58,70.83,0,1989,28,UAE
175.82,78.05,1,2000,95,UAE
184.95,72.25,1,1939,60,UAE
185.5,76.98,1,1939,97,UAE
175.06,88.7,1,2013,60,UAE
198.67,97.12,1,1933,54,UAE
194.41,53.78,1,1982,85,UAE
167.53,93.18,1,1933,68,UAE
152.38,77.97,1,2022,46,UAE
163.9,71.12,1,1994,71,UAE
182.81,64.5,1,1994,55,UAE
139.33,72.03,0,1972,47,UAE
177.69,80.43,1,1993,100,UAE
145.86,70.31,1,2016,57,UAE
166.27,75.79,1,1958,59,UAE
126.07,25.21,1,1999,6,UAE
162.78,74.45,0,1925,88,UAE
164.85,69.24,1,2020,93,UAE
189.97,50.89,0,1945,56,UAE
154.79,61.43,1,1927,24,UAE
163.12,70.93,1,1999,71,UAE
169.44,71.21,0,2024,89,UAE
155.07,59.58,1,2008,14,UAE
149.84,47.27,0,1929,71,UAE
184.73,103.54,1,1976,79,UAE
161.36,85.08,1,1993,23,UAE
149.04,59.33,0,1983,18,UAE
181.16,61.17,1,2003,19,UAE
191.05,80.4,1,1956,85,UAE
160.96,54.76,0,1953,83,UAE
139.33,39.37,0,1937,74,UAE
137.26,59,0,1988,15,UAE
151.45,57.82,1,1945,13,UAE
178.66,61.17,1,2000,33,UAE
219.03,82.65,1,2020,18,UAE
176.34,82.55,1,1998,97,UAE
168.8,67.19,0,1977,75,UAE
163.1,75.6,1,1931,85,UAE
161.39,77.58,1,1988,61,UAE
171.09,66.35,0,1951,38,UAE
155.16,60.1,1,1984,17,UAE
162.44,81.47,1,1934,99,UAE
175.07,63.14,1,1925,77,UAE
171.92,71.26,1,1939,82,UAE
172.3,65.38,1,1926,48,UAE
176.66,82.38,1,1932,80,UAE
161.27,56.58,0,2010,76,UAE
177.92,78.54,1,1962,67,UAE
153.05,62.7,1,1935,46,UAE
154.25,76.78,1,1935,21,UAE
165.85,54.53,0,1932,90,UAE
171.73,71.7,1,1954,67,UAE
167.25,84.76,1,1954,73,UAE
167.44,82.46,1,1953,21,UAE
179.39,79.16,1,1949,77,UAE
155.24,75.95,1,1954,89,UAE
142.6,69.6,0,1929,94,UAE
180.78,67.21,0,1974,79,UAE
175.52,80.11,1,2004,28,UAE
155.68,73.08,1,2016,91,UAE
144.28,87.39,0,1980,29,UAE
175.3,69.09,0,1970,48,UAE
134.61,68.07,0,1994,25,UAE
154.83,57.15,0,1983,68,UAE
149.1,74.02,1,1939,38,UAE
162.03,75.26,1,1944,73,UAE
203.13,86.68,1,1928,65,UAE
163.83,58.32,1,1953,44,UAE
165.21,97.41,1,1939,53,UAE
191.11,72.41,1,1958,99,UAE
176.03,67.24,1,1940,66,UAE
128.12,32.41,1,1975,8,UAE
109.89,20.05,1,1929,1,UAE
131.72,75.48,0,2000,72,UAE
167.05,66.37,0,1943,57,UAE
174.85,79.01,1,1948,62,UAE
171.24,51.71,1,1965,13,UAE
113.61,29.39,0,1937,6,UAE
165.18,41.35,0,1987,39,UAE
171.13,72.42,1,2003,61,UAE
174.34,67.53,1,1941,50,UAE
139.96,83.67,1,1999,62,UAE
136.5,65.48,0,1990,99,UAE
133.14,60.76,0,1967,44,UAE
163.27,83.74,1,1974,67,UAE
125.35,32.55,1,1952,11,UAE
172.99,59.94,1,1976,34,UAE
167.24,77.9,1,1950,70,UAE
130.18,44.1,1,1982,6,UAE
163.54,40.23,0,1929,62,UAE
166.06,71.57,1,1928,41,UAE
162.4,66.5,1,1972,69,UAE
171.7,83.16,1,1954,88,UAE
132.1,54.38,0,2001,29,UAE
146.58,52.96,0,1947,17,UAE
159.44,79.03,1,1988,50,UAE
144.04,72.06,1,1968,35,UAE
177.32,75.21,1,1934,27,UAE
168.03,62.74,1,2000,13,UAE
137.14,71.4,0,1974,51,UAE
165.43,77.1,1,1958,46,UAE
183.39,66.39,0,1928,100,UAE
144.58,60.44,1,1974,94,UAE
165.13,72.54,1,1991,40,UAE
132.56,39.55,1,1931,16,UAE
197.42,60.89,1,1932,96,UAE
142.67,75.54,1,1940,99,UAE
180.24,66.99,1,1974,95,UAE
184.04,54.55,1,1931,14,UAE
125.24,31.18,1,1935,11,UAE
112.92,25.24,0,1977,11,UAE
173.07,71.94,1,1990,100,UAE
166.93,72.55,1,2014,28,UAE
117.8,27.39,0,1987,10,UAE
165.23,70.56,1,1976,15,UAE
155.09,89.63,1,1947,95,UAE
128.32,38.48,1,1980,7,UAE
177.8,76.95,1,1997,45,UAE
169.46,78.16,0,1962,68,UAE
210.13,68.05,1,1946,66,UAE
187.96,79.59,1,2011,23,UAE
155.96,65.59,0,1979,58,UAE
164.65,78.43,1,1984,95,UAE
150.8,64.39,0,1950,37,UAE
166.37,73.46,1,1942,56,UAE
166.07,88.87,1,1943,98,UAE
141.29,44.87,0,1944,16,UAE
189.51,93.62,1,1933,27,UAE
189.26,67.62,1,1974,44,UAE
154.36,76.09,1,1950,19,UAE
131.65,57.46,0,1938,81,UAE
178.91,88.51,1,1981,74,UAE
167.46,86.41,1,1998,85,UAE
186.11,76.89,1,1999,78,UAE
113.08,24.48,0,1931,2,UAE
146.49,81.61,0,1968,95,UAE
149.51,67.55,0,1967,34,UAE
109.8,20.27,0,2010,4,UAE
191.98,83.86,1,1971,44,UAE
174.92,79.1,1,2010,43,UAE
155.04,87.34,1,1950,76,UAE
169.73,64.37,0,1926,88,UAE
173.31,64.63,1,1944,17,UAE
126.09,29.92,1,2014,10,UAE
139.51,61.69,0,2001,88,UAE
153.99,71.54,0,1933,50,UAE
170.6,83.94,0,2020,29,UAE
111.35,24.78,0,2018,10,UAE
163.34,71.46,1,1962,38,UAE
164.56,65.39,1,2012,34,UAE
124.19,30.14,1,2003,10,UAE
185.52,64.64,0,1982,42,UAE
165.99,45.52,1,2011,13,UAE
191.35,86.18,0,2011,51,UAE
108.01,21.43,0,1987,1,UAE
189.37,87.6,1,1938,89,UAE
180.86,83.66,1,2014,94,UAE
147.16,59.1,0,1945,29,UAE
172.06,80.7,1,1977,37,UAE
162.9,58.22,1,1986,22,UAE
185.73,77.62,0,1987,94,UAE
157.87,57.67,0,2001,20,UAE
156.39,62.14,1,2004,20,UAE
127.15,78.91,0,2003,43,UAE
160.93,56.19,0,1927,27,UAE
152.51,55.8,0,1939,99,UAE
172.33,55.05,0,1962,63,UAE
145.49,68.75,1,1949,82,UAE
177.65,83.67,1,1970,22,UAE
169.02,48.85,0,1963,66,UAE
114.68,27.92,0,1988,1,UAE
177.15,84.51,1,1984,79,UAE
148.53,46.13,0,2023,17,UAE
166.36,77.47,1,1970,58,UAE
160.11,78.28,0,2002,18,UAE
162.75,77.61,1,2015,92,UAE
156.46,75.24,1,2020,83,UAE
187.18,66.2,0,1948,21,UAE
178.09,56.25,0,2006,74,UAE
168.32,61.07,1,1947,59,UAE
156.79,75.32,1,1935,70,UAE
181.24,81.58,1,1933,64,UAE
161.65,77.65,1,1991,78,UAE
159.63,85.52,1,1990,65,UAE
175.76,76.99,1,1934,42,UAE
140.09,63.02,0,1959,72,UAE
174.33,63.88,1,1970,61,UAE
171.97,77.31,1,1949,95,UAE
161.32,67.7,0,2017,23,UAE
164.62,52.34,0,1984,88,UAE
152.93,54.02,0,1988,85,UAE
149.17,67.42,1,2007,31,UAE
151.97,44.51,0,1947,15,UAE
158.44,84.36,1,1980,60,UAE
172.48,80.54,1,1951,95,UAE
175.1,64.19,1,2020,100,UAE
111.24,22.04,1,1936,2,UAE
195.82,65.07,1,1932,24,UAE
160.35,69.82,1,1984,98,UAE
142.67,84.92,1,2010,27,UAE
170.68,83.8,1,2023,30,UAE
167.52,70.83,1,1956,45,UAE
145.62,71.95,0,1931,42,UAE
160.51,60.77,0,2001,50,UAE
170.94,79.55,0,2005,52,UAE
173.93,65.06,1,1987,98,UAE
149.81,33.18,0,2008,64,UAE
152.85,48.39,0,2016,16,UAE
171.64,56.86,1,1965,73,UAE
158.17,94.32,1,1950,100,UAE
154.58,71.64,0,1976,76,UAE
174.66,101.6,1,2011,70,UAE
156.26,90.03,1,1977,83,UAE
151.23,63.84,0,1989,91,UAE
170.98,71.26,1,2021,33,UAE
132.92,31.84,1,1989,8,UAE
176.27,84.55,1,1959,76,UAE
175.3,92.83,0,1985,73,UAE
180.9,68.78,1,1969,38,UAE
175.03,50.89,0,1985,62,UAE
136.67,73.61,1,2005,83,UAE
181.61,66.13,1,2023,83,UAE
155.63,67.69,0,1950,49,UAE
168.46,52.13,0,1928,35,UAE
182.71,79.72,1,1982,39,UAE
143.6,65.55,0,2021,30,UAE
197.93,71.4,1,2009,25,UAE
164.8,73.11,1,1953,98,UAE
186.37,72.65,1,1937,30,UAE
170.66,87.42,1,2009,63,UAE
183.67,56.18,1,1942,49,UAE
136.26,79.81,1,1930,37,UAE
146.56,72.45,1,2022,71,UAE
165.4,93.12,1,2013,79,UAE
149.31,74.92,1,1940,60,UAE
178.41,69.58,1,1961,60,UAE
163.26,68.2,0,2023,53,UAE
182.16,75.2,1,1949,96,UAE
153,66.45,1,1974,68,UAE
166.14,40.84,1,2007,17,UAE
191.36,85.66,0,1986,92,UAE
138.73,69.44,0,1946,25,UAE
107.1,22.74,1,1990,1,UAE
102.91,9.82,1,2003,3,UAE
127.06,34.79,0,2022,10,UAE
159.12,64.42,1,2000,39,UAE
147.55,55.92,0,1978,42,UAE
169.8,75.59,1,1991,38,UAE
179.05,66.68,0,1973,33,UAE
176.59,66.74,1,1953,43,UAE
186.42,72.26,1,1927,19,UAE
144.73,80.99,0,2006,33,UAE
135.64,84,1,1977,47,UAE
198.8,61.1,1,1956,19,UAE
170.32,71.25,1,1988,74,UAE
169.55,72.27,1,1997,86,UAE
182.22,82.32,1,1964,42,UAE
169.5,75.28,1,1978,100,UAE
132.67,35.09,1,2005,8,UAE
171.42,84.17,1,1941,95,UAE
103.77,17.47,1,1971,4,UAE
155.61,72.77,0,1925,50,UAE
180,61.89,1,1933,15,UAE
169.97,62.81,1,1943,82,UAE
159.81,67.81,0,2023,18,UAE
107.16,19.38,1,1994,4,UAE
157.93,73.44,1,2007,70,UAE
175.92,81.43,1,1995,100,UAE
174.36,68.01,1,1929,60,UAE
165.92,83.46,1,1977,36,UAE
180.47,87.54,1,2024,31,UAE
105.71,10.54,0,2017,3,UAE
161.71,63.93,1,1935,27,UAE
173.47,69.74,1,1944,66,UAE
176.15,73.47,1,2020,30,UAE
177.01,74.05,1,1937,84,UAE
153.96,63.97,0,2004,32,UAE
106.07,21.08,0,1968,5,UAE
172.02,72.72,1,1953,84,UAE
112.08,21.01,1,1938,5,UAE
152.79,75.06,1,1965,74,UAE
156.62,47.31,0,1956,98,UAE
154.53,81.89,1,1928,64,UAE
189.64,70.04,1,1940,78,UAE
172.45,72.58,1,1986,68,UAE
175.72,66.11,1,1952,56,UAE
176.92,61.58,1,2009,64,UAE
192.89,79.26,1,1930,77,UAE
160.7,60.79,1,1925,16,UAE
171.82,61.19,0,1997,44,UAE
170.29,74.24,0,1999,22,UAE
171.87,57.07,1,2018,96,UAE
183.54,62.69,1,1970,96,UAE
165.46,63.67,1,1971,53,UAE
124.05,57.94,0,2015,51,UAE
150.34,68.46,0,1999,41,UAE
171.8,85.71,1,1962,91,UAE
149.11,73.33,0,1931,27,UAE
157.61,85.6,1,1995,41,UAE
172.02,76.8,0,1937,37,UAE
150.75,83.1,0,2013,44,UAE
177.48,73.33,1,1987,64,UAE
187.13,72.86,1,1944,53,UAE
178.65,66.32,1,1981,88,UAE
138.66,57.99,0,1927,94,UAE
173.79,83.5,1,1936,74,UAE
185.41,48.68,0,1995,96,UAE
183.64,65.36,0,1983,49,UAE
179.47,79.54,1,1998,18,UAE
174.36,63.32,1,1961,16,UAE
192.62,77.45,1,1959,72,UAE
148.26,68.91,0,1943,29,UAE
131.64,38.66,0,2025,11,UAE
158.58,68.07,0,1943,28,UAE
130.59,40.03,1,2005,9,UAE
175.34,67.33,1,2001,96,UAE
133.49,52.73,0,1940,12,UAE
149.3,67.25,0,2001,40,UAE
159.95,65.32,0,1984,28,UAE
165.6,56.25,1,1954,15,UAE
176.91,74.08,1,1970,19,UAE
122.1,28.51,0,2006,8,UAE
177.69,67.09,0,1946,35,UAE
127.79,71.24,0,1976,92,UAE
138.73,53,0,1937,50,UAE
151.36,83.65,0,1978,75,UAE
188.24,74.59,1,1968,28,UAE
179.79,71.53,0,1959,28,UAE
150.44,63.97,0,1926,53,UAE
158.01,55.58,0,1980,84,UAE
160.68,58.38,1,1974,52,UAE
181.17,56.84,0,2002,47,UAE
202.76,53.86,1,1956,42,UAE
166.54,46.61,1,1956,12,UAE
183.56,73.82,1,1928,56,UAE
161.96,58.82,0,1941,80,UAE
127.72,32.12,1,1951,10,UAE
146.22,62.57,0,2002,78,UAE
167.27,76.8,1,1935,88,UAE
169.27,67.49,0,1981,82,UAE
178.28,83,1,1950,52,UAE
138.07,69.57,0,1992,61,UAE
155.37,53.02,1,1965,59,UAE
162.62,79.29,1,2004,86,UAE
152.46,61.56,1,1958,83,UAE
171.77,32.38,0,1964,89,UAE
164.16,66.72,1,1962,94,UAE
187.12,67.76,1,1964,25,UAE
171.87,73.52,1,1975,44,UAE
183.57,76.98,1,1972,95,UAE
171.15,78.58,1,1948,73,UAE
159.72,67.11,1,1932,23,UAE
159.23,61.43,1,1972,89,UAE
102.89,18.01,1,1984,5,UAE
104.41,23.29,1,1954,5,UAE
196.76,71.61,1,1957,95,UAE
173.05,62.12,0,1975,60,UAE
132.12,36,1,2025,6,UAE
166.84,88.63,1,1987,43,UAE
171.9,72.37,1,1978,90,UAE
111.69,29.28,0,1957,7,UAE
173.44,72.23,1,1931,73,UAE
121.01,33.91,0,1932,9,UAE
137.61,62.74,0,1944,25,UAE
161.83,38.45,0,1983,45,UAE
159.15,60.92,0,1936,64,UAE
151.33,59.67,1,1927,91,UAE
163.4,84.39,1,1958,65,UAE
168.4,59.21,1,2009,83,UAE
163.47,72.85,1,1939,68,UAE
147.92,65.04,0,1942,63,UAE
204.27,54.93,0,1990,51,UAE
192.87,65.67,1,2013,46,UAE
146.17,55.55,0,1971,28,UAE
195.54,79.82,1,1929,27,UAE
169.27,73.29,1,1976,69,UAE
170.45,62.6,1,1997,72,UAE
111.3,20.69,1,1940,5,UAE
106.88,18.82,0,1928,1,UAE
177.77,86.69,1,1928,44,UAE
160.86,49.29,1,1980,16,UAE
190.63,60.25,1,1963,56,UAE
159.11,57.64,1,2003,75,UAE
157.39,51.94,0,1944,38,UAE
169.98,87.69,1,1962,63,UAE
166.85,67.67,0,1954,78,UAE
142.84,81.78,1,2013,74,UAE
176.82,88.39,1,1955,97,UAE
167.25,68.05,0,1964,53,UAE
186.07,91.92,0,1966,79,UAE
164.97,62.3,1,1935,15,UAE
142.98,60.68,0,1958,44,UAE
147.96,68.42,0,1938,39,UAE
159.41,46.37,0,2003,14,UAE
152.81,69.98,1,1991,64,UAE
108.21,15.61,0,1950,3,UAE
182.12,70.99,1,1933,52,UAE
136,28.89,1,1975,8,UAE
170.68,54.5,0,1967,47,UAE
183.83,90.34,1,1984,44,UAE
208.76,73.77,1,1999,42,UAE
180.82,60.92,1,1940,83,UAE
147.62,80.21,1,2008,49,UAE
167.32,64.77,0,1931,35,UAE
174.32,81.35,1,2019,94,UAE
166.15,75.37,1,2023,18,UAE
186.42,67.84,1,1935,68,UAE
160.53,56.93,0,1925,69,UAE
165.11,84.24,1,1984,46,UAE
169.03,85.09,1,1946,59,UAE
